
let impl_data_icudata_en_UM_res:Array<Byte>=@res("../src/main/resources/com/ibm/icu/impl/data/icudata/en_UM.res")
let impl_data_icudata_sr_BA_res:Array<Byte>=@res("../src/main/resources/com/ibm/icu/impl/data/icudata/sr_BA.res")
let impl_data_icudata_rm_CH_res:Array<Byte>=@res("../src/main/resources/com/ibm/icu/impl/data/icudata/rm_CH.res")
let impl_data_icudata_za_CN_res:Array<Byte>=@res("../src/main/resources/com/ibm/icu/impl/data/icudata/za_CN.res")
let impl_data_icudata_brx_res:Array<Byte>=@res("../src/main/resources/com/ibm/icu/impl/data/icudata/brx.res")
let impl_data_icudata_lij_res:Array<Byte>=@res("../src/main/resources/com/ibm/icu/impl/data/icudata/lij.res")
let impl_data_icudata_en_NG_res:Array<Byte>=@res("../src/main/resources/com/ibm/icu/impl/data/icudata/en_NG.res")
let impl_data_icudata_kxv_Latn_IN_res:Array<Byte>=@res("../src/main/resources/com/ibm/icu/impl/data/icudata/kxv_Latn_IN.res")
let impl_data_icudata_zh_Hant_TW_res:Array<Byte>=@res("../src/main/resources/com/ibm/icu/impl/data/icudata/zh_Hant_TW.res")
let impl_data_icudata_en_BS_res:Array<Byte>=@res("../src/main/resources/com/ibm/icu/impl/data/icudata/en_BS.res")
let impl_data_icudata_pa_IN_res:Array<Byte>=@res("../src/main/resources/com/ibm/icu/impl/data/icudata/pa_IN.res")
let impl_data_icudata_pt_MO_res:Array<Byte>=@res("../src/main/resources/com/ibm/icu/impl/data/icudata/pt_MO.res")
let impl_data_icudata_yue_Hant_res:Array<Byte>=@res("../src/main/resources/com/ibm/icu/impl/data/icudata/yue_Hant.res")
let impl_data_icudata_ubidi_icu:Array<Byte>=@res("../src/main/resources/com/ibm/icu/impl/data/icudata/ubidi.icu")
let impl_data_icudata_sg_res:Array<Byte>=@res("../src/main/resources/com/ibm/icu/impl/data/icudata/sg.res")
let impl_data_icudata_sr_Cyrl_BA_res:Array<Byte>=@res("../src/main/resources/com/ibm/icu/impl/data/icudata/sr_Cyrl_BA.res")
let impl_data_icudata_gu_res:Array<Byte>=@res("../src/main/resources/com/ibm/icu/impl/data/icudata/gu.res")
let impl_data_icudata_yue_CN_res:Array<Byte>=@res("../src/main/resources/com/ibm/icu/impl/data/icudata/yue_CN.res")
let impl_data_icudata_ff_res:Array<Byte>=@res("../src/main/resources/com/ibm/icu/impl/data/icudata/ff.res")
let impl_data_icudata_tk_TM_res:Array<Byte>=@res("../src/main/resources/com/ibm/icu/impl/data/icudata/tk_TM.res")
let impl_data_icudata_ii_res:Array<Byte>=@res("../src/main/resources/com/ibm/icu/impl/data/icudata/ii.res")
let impl_data_icudata_es_AR_res:Array<Byte>=@res("../src/main/resources/com/ibm/icu/impl/data/icudata/es_AR.res")
let impl_data_icudata_ka_res:Array<Byte>=@res("../src/main/resources/com/ibm/icu/impl/data/icudata/ka.res")
let impl_data_icudata_nl_SX_res:Array<Byte>=@res("../src/main/resources/com/ibm/icu/impl/data/icudata/nl_SX.res")
let impl_data_icudata_es_CL_res:Array<Byte>=@res("../src/main/resources/com/ibm/icu/impl/data/icudata/es_CL.res")
let impl_data_icudata_nb_SJ_res:Array<Byte>=@res("../src/main/resources/com/ibm/icu/impl/data/icudata/nb_SJ.res")
let impl_data_icudata_kw_res:Array<Byte>=@res("../src/main/resources/com/ibm/icu/impl/data/icudata/kw.res")
let impl_data_icudata_de_LU_res:Array<Byte>=@res("../src/main/resources/com/ibm/icu/impl/data/icudata/de_LU.res")
let impl_data_icudata_fr_NC_res:Array<Byte>=@res("../src/main/resources/com/ibm/icu/impl/data/icudata/fr_NC.res")
let impl_data_icudata_pool_res:Array<Byte>=@res("../src/main/resources/com/ibm/icu/impl/data/icudata/pool.res")
let impl_data_icudata_metadata_res:Array<Byte>=@res("../src/main/resources/com/ibm/icu/impl/data/icudata/metadata.res")
let impl_data_icudata_ru_res:Array<Byte>=@res("../src/main/resources/com/ibm/icu/impl/data/icudata/ru.res")
let impl_data_icudata_shi_MA_res:Array<Byte>=@res("../src/main/resources/com/ibm/icu/impl/data/icudata/shi_MA.res")
let impl_data_icudata_sr_Cyrl_CS_res:Array<Byte>=@res("../src/main/resources/com/ibm/icu/impl/data/icudata/sr_Cyrl_CS.res")
let impl_data_icudata_sq_res:Array<Byte>=@res("../src/main/resources/com/ibm/icu/impl/data/icudata/sq.res")
let impl_data_icudata_ff_Adlm_GM_res:Array<Byte>=@res("../src/main/resources/com/ibm/icu/impl/data/icudata/ff_Adlm_GM.res")
let impl_data_icudata_sl_SI_res:Array<Byte>=@res("../src/main/resources/com/ibm/icu/impl/data/icudata/sl_SI.res")
let impl_data_icudata_ar_SA_res:Array<Byte>=@res("../src/main/resources/com/ibm/icu/impl/data/icudata/ar_SA.res")
let impl_data_icudata_fr_CD_res:Array<Byte>=@res("../src/main/resources/com/ibm/icu/impl/data/icudata/fr_CD.res")
let impl_data_icudata_se_SE_res:Array<Byte>=@res("../src/main/resources/com/ibm/icu/impl/data/icudata/se_SE.res")
let impl_data_icudata_ccp_res:Array<Byte>=@res("../src/main/resources/com/ibm/icu/impl/data/icudata/ccp.res")
let impl_data_icudata_en_BE_res:Array<Byte>=@res("../src/main/resources/com/ibm/icu/impl/data/icudata/en_BE.res")
let impl_data_icudata_en_CA_res:Array<Byte>=@res("../src/main/resources/com/ibm/icu/impl/data/icudata/en_CA.res")
let impl_data_icudata_en_AI_res:Array<Byte>=@res("../src/main/resources/com/ibm/icu/impl/data/icudata/en_AI.res")
let impl_data_icudata_kk_KZ_res:Array<Byte>=@res("../src/main/resources/com/ibm/icu/impl/data/icudata/kk_KZ.res")
let impl_data_icudata_en_NF_res:Array<Byte>=@res("../src/main/resources/com/ibm/icu/impl/data/icudata/en_NF.res")
let impl_data_icudata_lkt_res:Array<Byte>=@res("../src/main/resources/com/ibm/icu/impl/data/icudata/lkt.res")
let impl_data_icudata_nqo_res:Array<Byte>=@res("../src/main/resources/com/ibm/icu/impl/data/icudata/nqo.res")
let impl_data_icudata_ff_Latn_LR_res:Array<Byte>=@res("../src/main/resources/com/ibm/icu/impl/data/icudata/ff_Latn_LR.res")
let impl_data_icudata_sr_CS_res:Array<Byte>=@res("../src/main/resources/com/ibm/icu/impl/data/icudata/sr_CS.res")
let impl_data_icudata_ms_BN_res:Array<Byte>=@res("../src/main/resources/com/ibm/icu/impl/data/icudata/ms_BN.res")
let impl_data_icudata_pt_TL_res:Array<Byte>=@res("../src/main/resources/com/ibm/icu/impl/data/icudata/pt_TL.res")
let impl_data_icudata_uemoji_icu:Array<Byte>=@res("../src/main/resources/com/ibm/icu/impl/data/icudata/uemoji.icu")
let impl_data_icudata_bez_TZ_res:Array<Byte>=@res("../src/main/resources/com/ibm/icu/impl/data/icudata/bez_TZ.res")
let impl_data_icudata_en_WS_res:Array<Byte>=@res("../src/main/resources/com/ibm/icu/impl/data/icudata/en_WS.res")
let impl_data_icudata_gsw_LI_res:Array<Byte>=@res("../src/main/resources/com/ibm/icu/impl/data/icudata/gsw_LI.res")
let impl_data_icudata_en_VU_res:Array<Byte>=@res("../src/main/resources/com/ibm/icu/impl/data/icudata/en_VU.res")
let impl_data_icudata_yue_Hant_CN_res:Array<Byte>=@res("../src/main/resources/com/ibm/icu/impl/data/icudata/yue_Hant_CN.res")
let impl_data_icudata_lrc_res:Array<Byte>=@res("../src/main/resources/com/ibm/icu/impl/data/icudata/lrc.res")
let impl_data_icudata_fa_AF_res:Array<Byte>=@res("../src/main/resources/com/ibm/icu/impl/data/icudata/fa_AF.res")
let impl_data_icudata_rwk_res:Array<Byte>=@res("../src/main/resources/com/ibm/icu/impl/data/icudata/rwk.res")
let impl_data_icudata_en_ZA_res:Array<Byte>=@res("../src/main/resources/com/ibm/icu/impl/data/icudata/en_ZA.res")
let impl_data_icudata_ses_ML_res:Array<Byte>=@res("../src/main/resources/com/ibm/icu/impl/data/icudata/ses_ML.res")
let impl_data_icudata_lmo_IT_res:Array<Byte>=@res("../src/main/resources/com/ibm/icu/impl/data/icudata/lmo_IT.res")
let impl_data_icudata_en_MH_res:Array<Byte>=@res("../src/main/resources/com/ibm/icu/impl/data/icudata/en_MH.res")
let impl_data_icudata_pt_AO_res:Array<Byte>=@res("../src/main/resources/com/ibm/icu/impl/data/icudata/pt_AO.res")
let impl_data_icudata_ps_AF_res:Array<Byte>=@res("../src/main/resources/com/ibm/icu/impl/data/icudata/ps_AF.res")
let impl_data_icudata_yrl_res:Array<Byte>=@res("../src/main/resources/com/ibm/icu/impl/data/icudata/yrl.res")
let impl_data_icudata_ks_Deva_res:Array<Byte>=@res("../src/main/resources/com/ibm/icu/impl/data/icudata/ks_Deva.res")
let impl_data_icudata_ru_BY_res:Array<Byte>=@res("../src/main/resources/com/ibm/icu/impl/data/icudata/ru_BY.res")
let impl_data_icudata_kk_Cyrl_KZ_res:Array<Byte>=@res("../src/main/resources/com/ibm/icu/impl/data/icudata/kk_Cyrl_KZ.res")
let impl_data_icudata_en_CC_res:Array<Byte>=@res("../src/main/resources/com/ibm/icu/impl/data/icudata/en_CC.res")
let impl_data_icudata_os_GE_res:Array<Byte>=@res("../src/main/resources/com/ibm/icu/impl/data/icudata/os_GE.res")
let impl_data_icudata_mn_MN_res:Array<Byte>=@res("../src/main/resources/com/ibm/icu/impl/data/icudata/mn_MN.res")
let impl_data_icudata_fr_CF_res:Array<Byte>=@res("../src/main/resources/com/ibm/icu/impl/data/icudata/fr_CF.res")
let impl_data_icudata_sw_UG_res:Array<Byte>=@res("../src/main/resources/com/ibm/icu/impl/data/icudata/sw_UG.res")
let impl_data_icudata_su_Latn_res:Array<Byte>=@res("../src/main/resources/com/ibm/icu/impl/data/icudata/su_Latn.res")
let impl_data_icudata_shi_res:Array<Byte>=@res("../src/main/resources/com/ibm/icu/impl/data/icudata/shi.res")
let impl_data_icudata_rw_res:Array<Byte>=@res("../src/main/resources/com/ibm/icu/impl/data/icudata/rw.res")
let impl_data_icudata_tok_res:Array<Byte>=@res("../src/main/resources/com/ibm/icu/impl/data/icudata/tok.res")
let impl_data_icudata_sd_res:Array<Byte>=@res("../src/main/resources/com/ibm/icu/impl/data/icudata/sd.res")
let impl_data_icudata_dz_BT_res:Array<Byte>=@res("../src/main/resources/com/ibm/icu/impl/data/icudata/dz_BT.res")
let impl_data_icudata_fr_res:Array<Byte>=@res("../src/main/resources/com/ibm/icu/impl/data/icudata/fr.res")
let impl_data_icudata_gv_res:Array<Byte>=@res("../src/main/resources/com/ibm/icu/impl/data/icudata/gv.res")
let impl_data_icudata_ga_res:Array<Byte>=@res("../src/main/resources/com/ibm/icu/impl/data/icudata/ga.res")
let impl_data_icudata_dz_res:Array<Byte>=@res("../src/main/resources/com/ibm/icu/impl/data/icudata/dz.res")
let impl_data_icudata_es_NI_res:Array<Byte>=@res("../src/main/resources/com/ibm/icu/impl/data/icudata/es_NI.res")
let impl_data_icudata_ar_DJ_res:Array<Byte>=@res("../src/main/resources/com/ibm/icu/impl/data/icudata/ar_DJ.res")
let impl_data_icudata_ku_res:Array<Byte>=@res("../src/main/resources/com/ibm/icu/impl/data/icudata/ku.res")
let impl_data_icudata_unit_sr_BA_res:Array<Byte>=@res("../src/main/resources/com/ibm/icu/impl/data/icudata/unit/sr_BA.res")
let impl_data_icudata_unit_brx_res:Array<Byte>=@res("../src/main/resources/com/ibm/icu/impl/data/icudata/unit/brx.res")
let impl_data_icudata_unit_lij_res:Array<Byte>=@res("../src/main/resources/com/ibm/icu/impl/data/icudata/unit/lij.res")
let impl_data_icudata_unit_en_NG_res:Array<Byte>=@res("../src/main/resources/com/ibm/icu/impl/data/icudata/unit/en_NG.res")
let impl_data_icudata_unit_kxv_Latn_IN_res:Array<Byte>=@res("../src/main/resources/com/ibm/icu/impl/data/icudata/unit/kxv_Latn_IN.res")
let impl_data_icudata_unit_zh_Hant_TW_res:Array<Byte>=@res("../src/main/resources/com/ibm/icu/impl/data/icudata/unit/zh_Hant_TW.res")
let impl_data_icudata_unit_en_BS_res:Array<Byte>=@res("../src/main/resources/com/ibm/icu/impl/data/icudata/unit/en_BS.res")
let impl_data_icudata_unit_pa_IN_res:Array<Byte>=@res("../src/main/resources/com/ibm/icu/impl/data/icudata/unit/pa_IN.res")
let impl_data_icudata_unit_pt_MO_res:Array<Byte>=@res("../src/main/resources/com/ibm/icu/impl/data/icudata/unit/pt_MO.res")
let impl_data_icudata_unit_yue_Hant_res:Array<Byte>=@res("../src/main/resources/com/ibm/icu/impl/data/icudata/unit/yue_Hant.res")
let impl_data_icudata_unit_sg_res:Array<Byte>=@res("../src/main/resources/com/ibm/icu/impl/data/icudata/unit/sg.res")
let impl_data_icudata_unit_sr_Cyrl_BA_res:Array<Byte>=@res("../src/main/resources/com/ibm/icu/impl/data/icudata/unit/sr_Cyrl_BA.res")
let impl_data_icudata_unit_gu_res:Array<Byte>=@res("../src/main/resources/com/ibm/icu/impl/data/icudata/unit/gu.res")
let impl_data_icudata_unit_yue_CN_res:Array<Byte>=@res("../src/main/resources/com/ibm/icu/impl/data/icudata/unit/yue_CN.res")
let impl_data_icudata_unit_ff_res:Array<Byte>=@res("../src/main/resources/com/ibm/icu/impl/data/icudata/unit/ff.res")
let impl_data_icudata_unit_ii_res:Array<Byte>=@res("../src/main/resources/com/ibm/icu/impl/data/icudata/unit/ii.res")
let impl_data_icudata_unit_es_AR_res:Array<Byte>=@res("../src/main/resources/com/ibm/icu/impl/data/icudata/unit/es_AR.res")
let impl_data_icudata_unit_ka_res:Array<Byte>=@res("../src/main/resources/com/ibm/icu/impl/data/icudata/unit/ka.res")
let impl_data_icudata_unit_es_CL_res:Array<Byte>=@res("../src/main/resources/com/ibm/icu/impl/data/icudata/unit/es_CL.res")
let impl_data_icudata_unit_kw_res:Array<Byte>=@res("../src/main/resources/com/ibm/icu/impl/data/icudata/unit/kw.res")
let impl_data_icudata_unit_pool_res:Array<Byte>=@res("../src/main/resources/com/ibm/icu/impl/data/icudata/unit/pool.res")
let impl_data_icudata_unit_ru_res:Array<Byte>=@res("../src/main/resources/com/ibm/icu/impl/data/icudata/unit/ru.res")
let impl_data_icudata_unit_shi_MA_res:Array<Byte>=@res("../src/main/resources/com/ibm/icu/impl/data/icudata/unit/shi_MA.res")
let impl_data_icudata_unit_sr_Cyrl_CS_res:Array<Byte>=@res("../src/main/resources/com/ibm/icu/impl/data/icudata/unit/sr_Cyrl_CS.res")
let impl_data_icudata_unit_sq_res:Array<Byte>=@res("../src/main/resources/com/ibm/icu/impl/data/icudata/unit/sq.res")
let impl_data_icudata_unit_ar_SA_res:Array<Byte>=@res("../src/main/resources/com/ibm/icu/impl/data/icudata/unit/ar_SA.res")
let impl_data_icudata_unit_ccp_res:Array<Byte>=@res("../src/main/resources/com/ibm/icu/impl/data/icudata/unit/ccp.res")
let impl_data_icudata_unit_en_BE_res:Array<Byte>=@res("../src/main/resources/com/ibm/icu/impl/data/icudata/unit/en_BE.res")
let impl_data_icudata_unit_en_CA_res:Array<Byte>=@res("../src/main/resources/com/ibm/icu/impl/data/icudata/unit/en_CA.res")
let impl_data_icudata_unit_en_AI_res:Array<Byte>=@res("../src/main/resources/com/ibm/icu/impl/data/icudata/unit/en_AI.res")
let impl_data_icudata_unit_en_NF_res:Array<Byte>=@res("../src/main/resources/com/ibm/icu/impl/data/icudata/unit/en_NF.res")
let impl_data_icudata_unit_lkt_res:Array<Byte>=@res("../src/main/resources/com/ibm/icu/impl/data/icudata/unit/lkt.res")
let impl_data_icudata_unit_nqo_res:Array<Byte>=@res("../src/main/resources/com/ibm/icu/impl/data/icudata/unit/nqo.res")
let impl_data_icudata_unit_sr_CS_res:Array<Byte>=@res("../src/main/resources/com/ibm/icu/impl/data/icudata/unit/sr_CS.res")
let impl_data_icudata_unit_pt_TL_res:Array<Byte>=@res("../src/main/resources/com/ibm/icu/impl/data/icudata/unit/pt_TL.res")
let impl_data_icudata_unit_en_WS_res:Array<Byte>=@res("../src/main/resources/com/ibm/icu/impl/data/icudata/unit/en_WS.res")
let impl_data_icudata_unit_en_VU_res:Array<Byte>=@res("../src/main/resources/com/ibm/icu/impl/data/icudata/unit/en_VU.res")
let impl_data_icudata_unit_lrc_res:Array<Byte>=@res("../src/main/resources/com/ibm/icu/impl/data/icudata/unit/lrc.res")
let impl_data_icudata_unit_rwk_res:Array<Byte>=@res("../src/main/resources/com/ibm/icu/impl/data/icudata/unit/rwk.res")
let impl_data_icudata_unit_en_ZA_res:Array<Byte>=@res("../src/main/resources/com/ibm/icu/impl/data/icudata/unit/en_ZA.res")
let impl_data_icudata_unit_pt_AO_res:Array<Byte>=@res("../src/main/resources/com/ibm/icu/impl/data/icudata/unit/pt_AO.res")
let impl_data_icudata_unit_yrl_res:Array<Byte>=@res("../src/main/resources/com/ibm/icu/impl/data/icudata/unit/yrl.res")
let impl_data_icudata_unit_ks_Deva_res:Array<Byte>=@res("../src/main/resources/com/ibm/icu/impl/data/icudata/unit/ks_Deva.res")
let impl_data_icudata_unit_en_CC_res:Array<Byte>=@res("../src/main/resources/com/ibm/icu/impl/data/icudata/unit/en_CC.res")
let impl_data_icudata_unit_su_Latn_res:Array<Byte>=@res("../src/main/resources/com/ibm/icu/impl/data/icudata/unit/su_Latn.res")
let impl_data_icudata_unit_shi_res:Array<Byte>=@res("../src/main/resources/com/ibm/icu/impl/data/icudata/unit/shi.res")
let impl_data_icudata_unit_rw_res:Array<Byte>=@res("../src/main/resources/com/ibm/icu/impl/data/icudata/unit/rw.res")
let impl_data_icudata_unit_tok_res:Array<Byte>=@res("../src/main/resources/com/ibm/icu/impl/data/icudata/unit/tok.res")
let impl_data_icudata_unit_sd_res:Array<Byte>=@res("../src/main/resources/com/ibm/icu/impl/data/icudata/unit/sd.res")
let impl_data_icudata_unit_fr_res:Array<Byte>=@res("../src/main/resources/com/ibm/icu/impl/data/icudata/unit/fr.res")
let impl_data_icudata_unit_gv_res:Array<Byte>=@res("../src/main/resources/com/ibm/icu/impl/data/icudata/unit/gv.res")
let impl_data_icudata_unit_ga_res:Array<Byte>=@res("../src/main/resources/com/ibm/icu/impl/data/icudata/unit/ga.res")
let impl_data_icudata_unit_dz_res:Array<Byte>=@res("../src/main/resources/com/ibm/icu/impl/data/icudata/unit/dz.res")
let impl_data_icudata_unit_es_NI_res:Array<Byte>=@res("../src/main/resources/com/ibm/icu/impl/data/icudata/unit/es_NI.res")
let impl_data_icudata_unit_ku_res:Array<Byte>=@res("../src/main/resources/com/ibm/icu/impl/data/icudata/unit/ku.res")
let impl_data_icudata_unit_hy_res:Array<Byte>=@res("../src/main/resources/com/ibm/icu/impl/data/icudata/unit/hy.res")
let impl_data_icudata_unit_es_CO_res:Array<Byte>=@res("../src/main/resources/com/ibm/icu/impl/data/icudata/unit/es_CO.res")
let impl_data_icudata_unit_vmw_res:Array<Byte>=@res("../src/main/resources/com/ibm/icu/impl/data/icudata/unit/vmw.res")
let impl_data_icudata_unit_az_Cyrl_res:Array<Byte>=@res("../src/main/resources/com/ibm/icu/impl/data/icudata/unit/az_Cyrl.res")
let impl_data_icudata_unit_ro_MD_res:Array<Byte>=@res("../src/main/resources/com/ibm/icu/impl/data/icudata/unit/ro_MD.res")
let impl_data_icudata_unit_xog_res:Array<Byte>=@res("../src/main/resources/com/ibm/icu/impl/data/icudata/unit/xog.res")
let impl_data_icudata_unit_se_res:Array<Byte>=@res("../src/main/resources/com/ibm/icu/impl/data/icudata/unit/se.res")
let impl_data_icudata_unit_sr_res:Array<Byte>=@res("../src/main/resources/com/ibm/icu/impl/data/icudata/unit/sr.res")
let impl_data_icudata_unit_uz_AF_res:Array<Byte>=@res("../src/main/resources/com/ibm/icu/impl/data/icudata/unit/uz_AF.res")
let impl_data_icudata_unit_hsb_res:Array<Byte>=@res("../src/main/resources/com/ibm/icu/impl/data/icudata/unit/hsb.res")
let impl_data_icudata_unit_guz_res:Array<Byte>=@res("../src/main/resources/com/ibm/icu/impl/data/icudata/unit/guz.res")
let impl_data_icudata_unit_pt_MZ_res:Array<Byte>=@res("../src/main/resources/com/ibm/icu/impl/data/icudata/unit/pt_MZ.res")
let impl_data_icudata_unit_en_NR_res:Array<Byte>=@res("../src/main/resources/com/ibm/icu/impl/data/icudata/unit/en_NR.res")
let impl_data_icudata_unit_en_ZW_res:Array<Byte>=@res("../src/main/resources/com/ibm/icu/impl/data/icudata/unit/en_ZW.res")
let impl_data_icudata_unit_vai_Latn_res:Array<Byte>=@res("../src/main/resources/com/ibm/icu/impl/data/icudata/unit/vai_Latn.res")
let impl_data_icudata_unit_en_VC_res:Array<Byte>=@res("../src/main/resources/com/ibm/icu/impl/data/icudata/unit/en_VC.res")
let impl_data_icudata_unit_en_TK_res:Array<Byte>=@res("../src/main/resources/com/ibm/icu/impl/data/icudata/unit/en_TK.res")
let impl_data_icudata_unit_kxv_IN_res:Array<Byte>=@res("../src/main/resources/com/ibm/icu/impl/data/icudata/unit/kxv_IN.res")
let impl_data_icudata_unit_pcm_res:Array<Byte>=@res("../src/main/resources/com/ibm/icu/impl/data/icudata/unit/pcm.res")
let impl_data_icudata_unit_ff_Latn_CM_res:Array<Byte>=@res("../src/main/resources/com/ibm/icu/impl/data/icudata/unit/ff_Latn_CM.res")
let impl_data_icudata_unit_zh_MO_res:Array<Byte>=@res("../src/main/resources/com/ibm/icu/impl/data/icudata/unit/zh_MO.res")
let impl_data_icudata_unit_en_VG_res:Array<Byte>=@res("../src/main/resources/com/ibm/icu/impl/data/icudata/unit/en_VG.res")
let impl_data_icudata_unit_en_TO_res:Array<Byte>=@res("../src/main/resources/com/ibm/icu/impl/data/icudata/unit/en_TO.res")
let impl_data_icudata_unit_en_NA_res:Array<Byte>=@res("../src/main/resources/com/ibm/icu/impl/data/icudata/unit/en_NA.res")
let impl_data_icudata_unit_ebu_res:Array<Byte>=@res("../src/main/resources/com/ibm/icu/impl/data/icudata/unit/ebu.res")
let impl_data_icudata_unit_en_BB_res:Array<Byte>=@res("../src/main/resources/com/ibm/icu/impl/data/icudata/unit/en_BB.res")
let impl_data_icudata_unit_pa_Guru_res:Array<Byte>=@res("../src/main/resources/com/ibm/icu/impl/data/icudata/unit/pa_Guru.res")
let impl_data_icudata_unit_sa_res:Array<Byte>=@res("../src/main/resources/com/ibm/icu/impl/data/icudata/unit/sa.res")
let impl_data_icudata_unit_sv_res:Array<Byte>=@res("../src/main/resources/com/ibm/icu/impl/data/icudata/unit/sv.res")
let impl_data_icudata_unit_gd_res:Array<Byte>=@res("../src/main/resources/com/ibm/icu/impl/data/icudata/unit/gd.res")
let impl_data_icudata_unit_el_res:Array<Byte>=@res("../src/main/resources/com/ibm/icu/impl/data/icudata/unit/el.res")
let impl_data_icudata_unit_no_NO_res:Array<Byte>=@res("../src/main/resources/com/ibm/icu/impl/data/icudata/unit/no_NO.res")
let impl_data_icudata_unit_es_BO_res:Array<Byte>=@res("../src/main/resources/com/ibm/icu/impl/data/icudata/unit/es_BO.res")
let impl_data_icudata_unit_in_res:Array<Byte>=@res("../src/main/resources/com/ibm/icu/impl/data/icudata/unit/in.res")
let impl_data_icudata_unit_fa_res:Array<Byte>=@res("../src/main/resources/com/ibm/icu/impl/data/icudata/unit/fa.res")
let impl_data_icudata_unit_pl_res:Array<Byte>=@res("../src/main/resources/com/ibm/icu/impl/data/icudata/unit/pl.res")
let impl_data_icudata_unit_sw_res:Array<Byte>=@res("../src/main/resources/com/ibm/icu/impl/data/icudata/unit/sw.res")
let impl_data_icudata_unit_yue_Hans_res:Array<Byte>=@res("../src/main/resources/com/ibm/icu/impl/data/icudata/unit/yue_Hans.res")
let impl_data_icudata_unit_mni_res:Array<Byte>=@res("../src/main/resources/com/ibm/icu/impl/data/icudata/unit/mni.res")
let impl_data_icudata_unit_kok_res:Array<Byte>=@res("../src/main/resources/com/ibm/icu/impl/data/icudata/unit/kok.res")
let impl_data_icudata_unit_pa_PK_res:Array<Byte>=@res("../src/main/resources/com/ibm/icu/impl/data/icudata/unit/pa_PK.res")
let impl_data_icudata_unit_ff_Latn_MR_res:Array<Byte>=@res("../src/main/resources/com/ibm/icu/impl/data/icudata/unit/ff_Latn_MR.res")
let impl_data_icudata_unit_ks_Arab_IN_res:Array<Byte>=@res("../src/main/resources/com/ibm/icu/impl/data/icudata/unit/ks_Arab_IN.res")
let impl_data_icudata_unit_sd_Deva_IN_res:Array<Byte>=@res("../src/main/resources/com/ibm/icu/impl/data/icudata/unit/sd_Deva_IN.res")
let impl_data_icudata_unit_ur_IN_res:Array<Byte>=@res("../src/main/resources/com/ibm/icu/impl/data/icudata/unit/ur_IN.res")
let impl_data_icudata_unit_bn_IN_res:Array<Byte>=@res("../src/main/resources/com/ibm/icu/impl/data/icudata/unit/bn_IN.res")
let impl_data_icudata_unit_pt_CV_res:Array<Byte>=@res("../src/main/resources/com/ibm/icu/impl/data/icudata/unit/pt_CV.res")
let impl_data_icudata_unit_en_MY_res:Array<Byte>=@res("../src/main/resources/com/ibm/icu/impl/data/icudata/unit/en_MY.res")
let impl_data_icudata_unit_en_NU_res:Array<Byte>=@res("../src/main/resources/com/ibm/icu/impl/data/icudata/unit/en_NU.res")
let impl_data_icudata_unit_kab_res:Array<Byte>=@res("../src/main/resources/com/ibm/icu/impl/data/icudata/unit/kab.res")
let impl_data_icudata_unit_seh_res:Array<Byte>=@res("../src/main/resources/com/ibm/icu/impl/data/icudata/unit/seh.res")
let impl_data_icudata_unit_mas_res:Array<Byte>=@res("../src/main/resources/com/ibm/icu/impl/data/icudata/unit/mas.res")
let impl_data_icudata_unit_sh_CS_res:Array<Byte>=@res("../src/main/resources/com/ibm/icu/impl/data/icudata/unit/sh_CS.res")
let impl_data_icudata_unit_su_res:Array<Byte>=@res("../src/main/resources/com/ibm/icu/impl/data/icudata/unit/su.res")
let impl_data_icudata_unit_mua_res:Array<Byte>=@res("../src/main/resources/com/ibm/icu/impl/data/icudata/unit/mua.res")
let impl_data_icudata_unit_eo_res:Array<Byte>=@res("../src/main/resources/com/ibm/icu/impl/data/icudata/unit/eo.res")
let impl_data_icudata_unit_mzn_res:Array<Byte>=@res("../src/main/resources/com/ibm/icu/impl/data/icudata/unit/mzn.res")
let impl_data_icudata_unit_ks_res:Array<Byte>=@res("../src/main/resources/com/ibm/icu/impl/data/icudata/unit/ks.res")
let impl_data_icudata_unit_jv_res:Array<Byte>=@res("../src/main/resources/com/ibm/icu/impl/data/icudata/unit/jv.res")
let impl_data_icudata_unit_sr_Cyrl_XK_res:Array<Byte>=@res("../src/main/resources/com/ibm/icu/impl/data/icudata/unit/sr_Cyrl_XK.res")
let impl_data_icudata_unit_de_CH_res:Array<Byte>=@res("../src/main/resources/com/ibm/icu/impl/data/icudata/unit/de_CH.res")
let impl_data_icudata_unit_es_BZ_res:Array<Byte>=@res("../src/main/resources/com/ibm/icu/impl/data/icudata/unit/es_BZ.res")
let impl_data_icudata_unit_hi_res:Array<Byte>=@res("../src/main/resources/com/ibm/icu/impl/data/icudata/unit/hi.res")
let impl_data_icudata_unit_ja_res:Array<Byte>=@res("../src/main/resources/com/ibm/icu/impl/data/icudata/unit/ja.res")
let impl_data_icudata_unit_tzm_res:Array<Byte>=@res("../src/main/resources/com/ibm/icu/impl/data/icudata/unit/tzm.res")
let impl_data_icudata_unit_en_res:Array<Byte>=@res("../src/main/resources/com/ibm/icu/impl/data/icudata/unit/en.res")
let impl_data_icudata_unit_xnr_res:Array<Byte>=@res("../src/main/resources/com/ibm/icu/impl/data/icudata/unit/xnr.res")
let impl_data_icudata_unit_sh_BA_res:Array<Byte>=@res("../src/main/resources/com/ibm/icu/impl/data/icudata/unit/sh_BA.res")
let impl_data_icudata_unit_pa_Guru_IN_res:Array<Byte>=@res("../src/main/resources/com/ibm/icu/impl/data/icudata/unit/pa_Guru_IN.res")
let impl_data_icudata_unit_st_res:Array<Byte>=@res("../src/main/resources/com/ibm/icu/impl/data/icudata/unit/st.res")
let impl_data_icudata_unit_sc_res:Array<Byte>=@res("../src/main/resources/com/ibm/icu/impl/data/icudata/unit/sc.res")
let impl_data_icudata_unit_es_US_res:Array<Byte>=@res("../src/main/resources/com/ibm/icu/impl/data/icudata/unit/es_US.res")
let impl_data_icudata_unit_fr_CA_res:Array<Byte>=@res("../src/main/resources/com/ibm/icu/impl/data/icudata/unit/fr_CA.res")
let impl_data_icudata_unit_en_BW_res:Array<Byte>=@res("../src/main/resources/com/ibm/icu/impl/data/icudata/unit/en_BW.res")
let impl_data_icudata_unit_sr_XK_res:Array<Byte>=@res("../src/main/resources/com/ibm/icu/impl/data/icudata/unit/sr_XK.res")
let impl_data_icudata_unit_sv_FI_res:Array<Byte>=@res("../src/main/resources/com/ibm/icu/impl/data/icudata/unit/sv_FI.res")
let impl_data_icudata_unit_en_MO_res:Array<Byte>=@res("../src/main/resources/com/ibm/icu/impl/data/icudata/unit/en_MO.res")
let impl_data_icudata_unit_mni_Beng_IN_res:Array<Byte>=@res("../src/main/resources/com/ibm/icu/impl/data/icudata/unit/mni_Beng_IN.res")
let impl_data_icudata_unit_zh_Hans_MO_res:Array<Byte>=@res("../src/main/resources/com/ibm/icu/impl/data/icudata/unit/zh_Hans_MO.res")
let impl_data_icudata_unit_kxv_res:Array<Byte>=@res("../src/main/resources/com/ibm/icu/impl/data/icudata/unit/kxv.res")
let impl_data_icudata_unit_kxv_Orya_res:Array<Byte>=@res("../src/main/resources/com/ibm/icu/impl/data/icudata/unit/kxv_Orya.res")
let impl_data_icudata_unit_en_TZ_res:Array<Byte>=@res("../src/main/resources/com/ibm/icu/impl/data/icudata/unit/en_TZ.res")
let impl_data_icudata_unit_en_DG_res:Array<Byte>=@res("../src/main/resources/com/ibm/icu/impl/data/icudata/unit/en_DG.res")
let impl_data_icudata_unit_saq_res:Array<Byte>=@res("../src/main/resources/com/ibm/icu/impl/data/icudata/unit/saq.res")
let impl_data_icudata_unit_bm_res:Array<Byte>=@res("../src/main/resources/com/ibm/icu/impl/data/icudata/unit/bm.res")
let impl_data_icudata_unit_bs_Latn_BA_res:Array<Byte>=@res("../src/main/resources/com/ibm/icu/impl/data/icudata/unit/bs_Latn_BA.res")
let impl_data_icudata_unit_szl_res:Array<Byte>=@res("../src/main/resources/com/ibm/icu/impl/data/icudata/unit/szl.res")
let impl_data_icudata_unit_nn_res:Array<Byte>=@res("../src/main/resources/com/ibm/icu/impl/data/icudata/unit/nn.res")
let impl_data_icudata_unit_lg_res:Array<Byte>=@res("../src/main/resources/com/ibm/icu/impl/data/icudata/unit/lg.res")
let impl_data_icudata_unit_yue_HK_res:Array<Byte>=@res("../src/main/resources/com/ibm/icu/impl/data/icudata/unit/yue_HK.res")
let impl_data_icudata_unit_no_res:Array<Byte>=@res("../src/main/resources/com/ibm/icu/impl/data/icudata/unit/no.res")
let impl_data_icudata_unit_mt_res:Array<Byte>=@res("../src/main/resources/com/ibm/icu/impl/data/icudata/unit/mt.res")
let impl_data_icudata_unit_ta_res:Array<Byte>=@res("../src/main/resources/com/ibm/icu/impl/data/icudata/unit/ta.res")
let impl_data_icudata_unit_vi_res:Array<Byte>=@res("../src/main/resources/com/ibm/icu/impl/data/icudata/unit/vi.res")
let impl_data_icudata_unit_ur_res:Array<Byte>=@res("../src/main/resources/com/ibm/icu/impl/data/icudata/unit/ur.res")
let impl_data_icudata_unit_es_PY_res:Array<Byte>=@res("../src/main/resources/com/ibm/icu/impl/data/icudata/unit/es_PY.res")
let impl_data_icudata_unit_hi_Latn_res:Array<Byte>=@res("../src/main/resources/com/ibm/icu/impl/data/icudata/unit/hi_Latn.res")
let impl_data_icudata_unit_nus_res:Array<Byte>=@res("../src/main/resources/com/ibm/icu/impl/data/icudata/unit/nus.res")
let impl_data_icudata_unit_sd_Arab_res:Array<Byte>=@res("../src/main/resources/com/ibm/icu/impl/data/icudata/unit/sd_Arab.res")
let impl_data_icudata_unit_en_KI_res:Array<Byte>=@res("../src/main/resources/com/ibm/icu/impl/data/icudata/unit/en_KI.res")
let impl_data_icudata_unit_en_JM_res:Array<Byte>=@res("../src/main/resources/com/ibm/icu/impl/data/icudata/unit/en_JM.res")
let impl_data_icudata_unit_en_SX_res:Array<Byte>=@res("../src/main/resources/com/ibm/icu/impl/data/icudata/unit/en_SX.res")
let impl_data_icudata_unit_ff_GN_res:Array<Byte>=@res("../src/main/resources/com/ibm/icu/impl/data/icudata/unit/ff_GN.res")
let impl_data_icudata_unit_en_PT_res:Array<Byte>=@res("../src/main/resources/com/ibm/icu/impl/data/icudata/unit/en_PT.res")
let impl_data_icudata_unit_ksb_res:Array<Byte>=@res("../src/main/resources/com/ibm/icu/impl/data/icudata/unit/ksb.res")
let impl_data_icudata_unit_zh_Hant_res:Array<Byte>=@res("../src/main/resources/com/ibm/icu/impl/data/icudata/unit/zh_Hant.res")
let impl_data_icudata_unit_en_SZ_res:Array<Byte>=@res("../src/main/resources/com/ibm/icu/impl/data/icudata/unit/en_SZ.res")
let impl_data_icudata_unit_sr_Latn_CS_res:Array<Byte>=@res("../src/main/resources/com/ibm/icu/impl/data/icudata/unit/sr_Latn_CS.res")
let impl_data_icudata_unit_en_IT_res:Array<Byte>=@res("../src/main/resources/com/ibm/icu/impl/data/icudata/unit/en_IT.res")
let impl_data_icudata_unit_pa_Arab_PK_res:Array<Byte>=@res("../src/main/resources/com/ibm/icu/impl/data/icudata/unit/pa_Arab_PK.res")
let impl_data_icudata_unit_en_GH_res:Array<Byte>=@res("../src/main/resources/com/ibm/icu/impl/data/icudata/unit/en_GH.res")
let impl_data_icudata_unit_kgp_res:Array<Byte>=@res("../src/main/resources/com/ibm/icu/impl/data/icudata/unit/kgp.res")
let impl_data_icudata_unit_ff_Latn_res:Array<Byte>=@res("../src/main/resources/com/ibm/icu/impl/data/icudata/unit/ff_Latn.res")
let impl_data_icudata_unit_pa_Arab_res:Array<Byte>=@res("../src/main/resources/com/ibm/icu/impl/data/icudata/unit/pa_Arab.res")
let impl_data_icudata_unit_bs_BA_res:Array<Byte>=@res("../src/main/resources/com/ibm/icu/impl/data/icudata/unit/bs_BA.res")
let impl_data_icudata_unit_zh_res:Array<Byte>=@res("../src/main/resources/com/ibm/icu/impl/data/icudata/unit/zh.res")
let impl_data_icudata_unit_tt_res:Array<Byte>=@res("../src/main/resources/com/ibm/icu/impl/data/icudata/unit/tt.res")
let impl_data_icudata_unit_mfe_res:Array<Byte>=@res("../src/main/resources/com/ibm/icu/impl/data/icudata/unit/mfe.res")
let impl_data_icudata_unit_wo_res:Array<Byte>=@res("../src/main/resources/com/ibm/icu/impl/data/icudata/unit/wo.res")
let impl_data_icudata_unit_ug_res:Array<Byte>=@res("../src/main/resources/com/ibm/icu/impl/data/icudata/unit/ug.res")
let impl_data_icudata_unit_bn_res:Array<Byte>=@res("../src/main/resources/com/ibm/icu/impl/data/icudata/unit/bn.res")
let impl_data_icudata_unit_uz_Cyrl_res:Array<Byte>=@res("../src/main/resources/com/ibm/icu/impl/data/icudata/unit/uz_Cyrl.res")
let impl_data_icudata_unit_sat_Olck_res:Array<Byte>=@res("../src/main/resources/com/ibm/icu/impl/data/icudata/unit/sat_Olck.res")
let impl_data_icudata_unit_nl_res:Array<Byte>=@res("../src/main/resources/com/ibm/icu/impl/data/icudata/unit/nl.res")
let impl_data_icudata_unit_bo_res:Array<Byte>=@res("../src/main/resources/com/ibm/icu/impl/data/icudata/unit/bo.res")
let impl_data_icudata_unit_dyo_res:Array<Byte>=@res("../src/main/resources/com/ibm/icu/impl/data/icudata/unit/dyo.res")
let impl_data_icudata_unit_fr_HT_res:Array<Byte>=@res("../src/main/resources/com/ibm/icu/impl/data/icudata/unit/fr_HT.res")
let impl_data_icudata_unit_es_SV_res:Array<Byte>=@res("../src/main/resources/com/ibm/icu/impl/data/icudata/unit/es_SV.res")
let impl_data_icudata_unit_en_DE_res:Array<Byte>=@res("../src/main/resources/com/ibm/icu/impl/data/icudata/unit/en_DE.res")
let impl_data_icudata_unit_prg_res:Array<Byte>=@res("../src/main/resources/com/ibm/icu/impl/data/icudata/unit/prg.res")
let impl_data_icudata_unit_en_FM_res:Array<Byte>=@res("../src/main/resources/com/ibm/icu/impl/data/icudata/unit/en_FM.res")
let impl_data_icudata_unit_en_GI_res:Array<Byte>=@res("../src/main/resources/com/ibm/icu/impl/data/icudata/unit/en_GI.res")
let impl_data_icudata_unit_uz_Arab_res:Array<Byte>=@res("../src/main/resources/com/ibm/icu/impl/data/icudata/unit/uz_Arab.res")
let impl_data_icudata_unit_sr_Latn_BA_res:Array<Byte>=@res("../src/main/resources/com/ibm/icu/impl/data/icudata/unit/sr_Latn_BA.res")
let impl_data_icudata_unit_uz_Arab_AF_res:Array<Byte>=@res("../src/main/resources/com/ibm/icu/impl/data/icudata/unit/uz_Arab_AF.res")
let impl_data_icudata_unit_yue_Hant_HK_res:Array<Byte>=@res("../src/main/resources/com/ibm/icu/impl/data/icudata/unit/yue_Hant_HK.res")
let impl_data_icudata_unit_en_RH_res:Array<Byte>=@res("../src/main/resources/com/ibm/icu/impl/data/icudata/unit/en_RH.res")
let impl_data_icudata_unit_en_SL_res:Array<Byte>=@res("../src/main/resources/com/ibm/icu/impl/data/icudata/unit/en_SL.res")
let impl_data_icudata_unit_en_PW_res:Array<Byte>=@res("../src/main/resources/com/ibm/icu/impl/data/icudata/unit/en_PW.res")
let impl_data_icudata_unit_en_SH_res:Array<Byte>=@res("../src/main/resources/com/ibm/icu/impl/data/icudata/unit/en_SH.res")
let impl_data_icudata_unit_naq_res:Array<Byte>=@res("../src/main/resources/com/ibm/icu/impl/data/icudata/unit/naq.res")
let impl_data_icudata_unit_zh_Hant_HK_res:Array<Byte>=@res("../src/main/resources/com/ibm/icu/impl/data/icudata/unit/zh_Hant_HK.res")
let impl_data_icudata_unit_en_KY_res:Array<Byte>=@res("../src/main/resources/com/ibm/icu/impl/data/icudata/unit/en_KY.res")
let impl_data_icudata_unit_en_HU_res:Array<Byte>=@res("../src/main/resources/com/ibm/icu/impl/data/icudata/unit/en_HU.res")
let impl_data_icudata_unit_en_KN_res:Array<Byte>=@res("../src/main/resources/com/ibm/icu/impl/data/icudata/unit/en_KN.res")
let impl_data_icudata_unit_en_GM_res:Array<Byte>=@res("../src/main/resources/com/ibm/icu/impl/data/icudata/unit/en_GM.res")
let impl_data_icudata_unit_en_FI_res:Array<Byte>=@res("../src/main/resources/com/ibm/icu/impl/data/icudata/unit/en_FI.res")
let impl_data_icudata_unit_en_ER_res:Array<Byte>=@res("../src/main/resources/com/ibm/icu/impl/data/icudata/unit/en_ER.res")
let impl_data_icudata_unit_yrl_CO_res:Array<Byte>=@res("../src/main/resources/com/ibm/icu/impl/data/icudata/unit/yrl_CO.res")
let impl_data_icudata_unit_en_150_res:Array<Byte>=@res("../src/main/resources/com/ibm/icu/impl/data/icudata/unit/en_150.res")
let impl_data_icudata_unit_yo_BJ_res:Array<Byte>=@res("../src/main/resources/com/ibm/icu/impl/data/icudata/unit/yo_BJ.res")
let impl_data_icudata_unit_haw_res:Array<Byte>=@res("../src/main/resources/com/ibm/icu/impl/data/icudata/unit/haw.res")
let impl_data_icudata_unit_ms_res:Array<Byte>=@res("../src/main/resources/com/ibm/icu/impl/data/icudata/unit/ms.res")
let impl_data_icudata_unit_mr_res:Array<Byte>=@res("../src/main/resources/com/ibm/icu/impl/data/icudata/unit/mr.res")
let impl_data_icudata_unit_om_res:Array<Byte>=@res("../src/main/resources/com/ibm/icu/impl/data/icudata/unit/om.res")
let impl_data_icudata_unit_lv_res:Array<Byte>=@res("../src/main/resources/com/ibm/icu/impl/data/icudata/unit/lv.res")
let impl_data_icudata_unit_tl_PH_res:Array<Byte>=@res("../src/main/resources/com/ibm/icu/impl/data/icudata/unit/tl_PH.res")
let impl_data_icudata_unit_af_res:Array<Byte>=@res("../src/main/resources/com/ibm/icu/impl/data/icudata/unit/af.res")
let impl_data_icudata_unit_es_HN_res:Array<Byte>=@res("../src/main/resources/com/ibm/icu/impl/data/icudata/unit/es_HN.res")
let impl_data_icudata_unit_cy_res:Array<Byte>=@res("../src/main/resources/com/ibm/icu/impl/data/icudata/unit/cy.res")
let impl_data_icudata_unit_chr_res:Array<Byte>=@res("../src/main/resources/com/ibm/icu/impl/data/icudata/unit/chr.res")
let impl_data_icudata_unit_zgh_res:Array<Byte>=@res("../src/main/resources/com/ibm/icu/impl/data/icudata/unit/zgh.res")
let impl_data_icudata_unit_tg_res:Array<Byte>=@res("../src/main/resources/com/ibm/icu/impl/data/icudata/unit/tg.res")
let impl_data_icudata_unit_teo_res:Array<Byte>=@res("../src/main/resources/com/ibm/icu/impl/data/icudata/unit/teo.res")
let impl_data_icudata_unit_ceb_res:Array<Byte>=@res("../src/main/resources/com/ibm/icu/impl/data/icudata/unit/ceb.res")
let impl_data_icudata_unit_en_ES_res:Array<Byte>=@res("../src/main/resources/com/ibm/icu/impl/data/icudata/unit/en_ES.res")
let impl_data_icudata_unit_en_SI_res:Array<Byte>=@res("../src/main/resources/com/ibm/icu/impl/data/icudata/unit/en_SI.res")
let impl_data_icudata_unit_ksf_res:Array<Byte>=@res("../src/main/resources/com/ibm/icu/impl/data/icudata/unit/ksf.res")
let impl_data_icudata_unit_wae_res:Array<Byte>=@res("../src/main/resources/com/ibm/icu/impl/data/icudata/unit/wae.res")
let impl_data_icudata_unit_nnh_res:Array<Byte>=@res("../src/main/resources/com/ibm/icu/impl/data/icudata/unit/nnh.res")
let impl_data_icudata_unit_en_PG_res:Array<Byte>=@res("../src/main/resources/com/ibm/icu/impl/data/icudata/unit/en_PG.res")
let impl_data_icudata_unit_en_RO_res:Array<Byte>=@res("../src/main/resources/com/ibm/icu/impl/data/icudata/unit/en_RO.res")
let impl_data_icudata_unit_en_SK_res:Array<Byte>=@res("../src/main/resources/com/ibm/icu/impl/data/icudata/unit/en_SK.res")
let impl_data_icudata_unit_pt_PT_res:Array<Byte>=@res("../src/main/resources/com/ibm/icu/impl/data/icudata/unit/pt_PT.res")
let impl_data_icudata_unit_en_IE_res:Array<Byte>=@res("../src/main/resources/com/ibm/icu/impl/data/icudata/unit/en_IE.res")
let impl_data_icudata_unit_bs_Cyrl_res:Array<Byte>=@res("../src/main/resources/com/ibm/icu/impl/data/icudata/unit/bs_Cyrl.res")
let impl_data_icudata_unit_en_GY_res:Array<Byte>=@res("../src/main/resources/com/ibm/icu/impl/data/icudata/unit/en_GY.res")
let impl_data_icudata_unit_en_FJ_res:Array<Byte>=@res("../src/main/resources/com/ibm/icu/impl/data/icudata/unit/en_FJ.res")
let impl_data_icudata_unit_lag_res:Array<Byte>=@res("../src/main/resources/com/ibm/icu/impl/data/icudata/unit/lag.res")
let impl_data_icudata_unit_blo_res:Array<Byte>=@res("../src/main/resources/com/ibm/icu/impl/data/icudata/unit/blo.res")
let impl_data_icudata_unit_es_419_res:Array<Byte>=@res("../src/main/resources/com/ibm/icu/impl/data/icudata/unit/es_419.res")
let impl_data_icudata_unit_sat_res:Array<Byte>=@res("../src/main/resources/com/ibm/icu/impl/data/icudata/unit/sat.res")
let impl_data_icudata_unit_te_res:Array<Byte>=@res("../src/main/resources/com/ibm/icu/impl/data/icudata/unit/te.res")
let impl_data_icudata_unit_tr_res:Array<Byte>=@res("../src/main/resources/com/ibm/icu/impl/data/icudata/unit/tr.res")
let impl_data_icudata_unit_as_res:Array<Byte>=@res("../src/main/resources/com/ibm/icu/impl/data/icudata/unit/as.res")
let impl_data_icudata_unit_syr_res:Array<Byte>=@res("../src/main/resources/com/ibm/icu/impl/data/icudata/unit/syr.res")
let impl_data_icudata_unit_mg_res:Array<Byte>=@res("../src/main/resources/com/ibm/icu/impl/data/icudata/unit/mg.res")
let impl_data_icudata_unit_es_GT_res:Array<Byte>=@res("../src/main/resources/com/ibm/icu/impl/data/icudata/unit/es_GT.res")
let impl_data_icudata_unit_sr_Latn_res:Array<Byte>=@res("../src/main/resources/com/ibm/icu/impl/data/icudata/unit/sr_Latn.res")
let impl_data_icudata_unit_es_DO_res:Array<Byte>=@res("../src/main/resources/com/ibm/icu/impl/data/icudata/unit/es_DO.res")
let impl_data_icudata_unit_lt_res:Array<Byte>=@res("../src/main/resources/com/ibm/icu/impl/data/icudata/unit/lt.res")
let impl_data_icudata_unit_lu_res:Array<Byte>=@res("../src/main/resources/com/ibm/icu/impl/data/icudata/unit/lu.res")
let impl_data_icudata_unit_lb_res:Array<Byte>=@res("../src/main/resources/com/ibm/icu/impl/data/icudata/unit/lb.res")
let impl_data_icudata_unit_ar_res:Array<Byte>=@res("../src/main/resources/com/ibm/icu/impl/data/icudata/unit/ar.res")
let impl_data_icudata_unit_sw_KE_res:Array<Byte>=@res("../src/main/resources/com/ibm/icu/impl/data/icudata/unit/sw_KE.res")
let impl_data_icudata_unit_jmc_res:Array<Byte>=@res("../src/main/resources/com/ibm/icu/impl/data/icudata/unit/jmc.res")
let impl_data_icudata_unit_kxv_Telu_res:Array<Byte>=@res("../src/main/resources/com/ibm/icu/impl/data/icudata/unit/kxv_Telu.res")
let impl_data_icudata_unit_en_FK_res:Array<Byte>=@res("../src/main/resources/com/ibm/icu/impl/data/icudata/unit/en_FK.res")
let impl_data_icudata_unit_ff_SN_res:Array<Byte>=@res("../src/main/resources/com/ibm/icu/impl/data/icudata/unit/ff_SN.res")
let impl_data_icudata_unit_en_ID_res:Array<Byte>=@res("../src/main/resources/com/ibm/icu/impl/data/icudata/unit/en_ID.res")
let impl_data_icudata_unit_ps_PK_res:Array<Byte>=@res("../src/main/resources/com/ibm/icu/impl/data/icudata/unit/ps_PK.res")
let impl_data_icudata_unit_nmg_res:Array<Byte>=@res("../src/main/resources/com/ibm/icu/impl/data/icudata/unit/nmg.res")
let impl_data_icudata_unit_zh_Hans_res:Array<Byte>=@res("../src/main/resources/com/ibm/icu/impl/data/icudata/unit/zh_Hans.res")
let impl_data_icudata_unit_luy_res:Array<Byte>=@res("../src/main/resources/com/ibm/icu/impl/data/icudata/unit/luy.res")
let impl_data_icudata_unit_en_PK_res:Array<Byte>=@res("../src/main/resources/com/ibm/icu/impl/data/icudata/unit/en_PK.res")
let impl_data_icudata_unit_sr_Latn_ME_res:Array<Byte>=@res("../src/main/resources/com/ibm/icu/impl/data/icudata/unit/sr_Latn_ME.res")
let impl_data_icudata_unit_ksh_res:Array<Byte>=@res("../src/main/resources/com/ibm/icu/impl/data/icudata/unit/ksh.res")
let impl_data_icudata_unit_en_SG_res:Array<Byte>=@res("../src/main/resources/com/ibm/icu/impl/data/icudata/unit/en_SG.res")
let impl_data_icudata_unit_pt_ST_res:Array<Byte>=@res("../src/main/resources/com/ibm/icu/impl/data/icudata/unit/pt_ST.res")
let impl_data_icudata_unit_bas_res:Array<Byte>=@res("../src/main/resources/com/ibm/icu/impl/data/icudata/unit/bas.res")
let impl_data_icudata_unit_pt_GQ_res:Array<Byte>=@res("../src/main/resources/com/ibm/icu/impl/data/icudata/unit/pt_GQ.res")
let impl_data_icudata_unit_en_JE_res:Array<Byte>=@res("../src/main/resources/com/ibm/icu/impl/data/icudata/unit/en_JE.res")
let impl_data_icudata_unit_zh_Hans_SG_res:Array<Byte>=@res("../src/main/resources/com/ibm/icu/impl/data/icudata/unit/zh_Hans_SG.res")
let impl_data_icudata_unit_en_GB_res:Array<Byte>=@res("../src/main/resources/com/ibm/icu/impl/data/icudata/unit/en_GB.res")
let impl_data_icudata_unit_zu_res:Array<Byte>=@res("../src/main/resources/com/ibm/icu/impl/data/icudata/unit/zu.res")
let impl_data_icudata_unit_vai_Vaii_LR_res:Array<Byte>=@res("../src/main/resources/com/ibm/icu/impl/data/icudata/unit/vai_Vaii_LR.res")
let impl_data_icudata_unit_ast_res:Array<Byte>=@res("../src/main/resources/com/ibm/icu/impl/data/icudata/unit/ast.res")
let impl_data_icudata_unit_ti_res:Array<Byte>=@res("../src/main/resources/com/ibm/icu/impl/data/icudata/unit/ti.res")
let impl_data_icudata_unit_fur_res:Array<Byte>=@res("../src/main/resources/com/ibm/icu/impl/data/icudata/unit/fur.res")
let impl_data_icudata_unit_doi_res:Array<Byte>=@res("../src/main/resources/com/ibm/icu/impl/data/icudata/unit/doi.res")
let impl_data_icudata_unit_uz_res:Array<Byte>=@res("../src/main/resources/com/ibm/icu/impl/data/icudata/unit/uz.res")
let impl_data_icudata_unit_agq_res:Array<Byte>=@res("../src/main/resources/com/ibm/icu/impl/data/icudata/unit/agq.res")
let impl_data_icudata_unit_bs_res:Array<Byte>=@res("../src/main/resources/com/ibm/icu/impl/data/icudata/unit/bs.res")
let impl_data_icudata_unit_vec_res:Array<Byte>=@res("../src/main/resources/com/ibm/icu/impl/data/icudata/unit/vec.res")
let impl_data_icudata_unit_lo_res:Array<Byte>=@res("../src/main/resources/com/ibm/icu/impl/data/icudata/unit/lo.res")
let impl_data_icudata_unit_mk_res:Array<Byte>=@res("../src/main/resources/com/ibm/icu/impl/data/icudata/unit/mk.res")
let impl_data_icudata_unit_oc_res:Array<Byte>=@res("../src/main/resources/com/ibm/icu/impl/data/icudata/unit/oc.res")
let impl_data_icudata_unit_vai_Vaii_res:Array<Byte>=@res("../src/main/resources/com/ibm/icu/impl/data/icudata/unit/vai_Vaii.res")
let impl_data_icudata_unit_ln_res:Array<Byte>=@res("../src/main/resources/com/ibm/icu/impl/data/icudata/unit/ln.res")
let impl_data_icudata_unit_csw_res:Array<Byte>=@res("../src/main/resources/com/ibm/icu/impl/data/icudata/unit/csw.res")
let impl_data_icudata_unit_be_res:Array<Byte>=@res("../src/main/resources/com/ibm/icu/impl/data/icudata/unit/be.res")
let impl_data_icudata_unit_ca_res:Array<Byte>=@res("../src/main/resources/com/ibm/icu/impl/data/icudata/unit/ca.res")
let impl_data_icudata_unit_br_res:Array<Byte>=@res("../src/main/resources/com/ibm/icu/impl/data/icudata/unit/br.res")
let impl_data_icudata_unit_cv_res:Array<Byte>=@res("../src/main/resources/com/ibm/icu/impl/data/icudata/unit/cv.res")
let impl_data_icudata_unit_th_res:Array<Byte>=@res("../src/main/resources/com/ibm/icu/impl/data/icudata/unit/th.res")
let impl_data_icudata_unit_yo_res:Array<Byte>=@res("../src/main/resources/com/ibm/icu/impl/data/icudata/unit/yo.res")
let impl_data_icudata_unit_nyn_res:Array<Byte>=@res("../src/main/resources/com/ibm/icu/impl/data/icudata/unit/nyn.res")
let impl_data_icudata_unit_sat_Olck_IN_res:Array<Byte>=@res("../src/main/resources/com/ibm/icu/impl/data/icudata/unit/sat_Olck_IN.res")
let impl_data_icudata_unit_su_ID_res:Array<Byte>=@res("../src/main/resources/com/ibm/icu/impl/data/icudata/unit/su_ID.res")
let impl_data_icudata_unit_luo_res:Array<Byte>=@res("../src/main/resources/com/ibm/icu/impl/data/icudata/unit/luo.res")
let impl_data_icudata_unit_sd_PK_res:Array<Byte>=@res("../src/main/resources/com/ibm/icu/impl/data/icudata/unit/sd_PK.res")
let impl_data_icudata_unit_en_RW_res:Array<Byte>=@res("../src/main/resources/com/ibm/icu/impl/data/icudata/unit/en_RW.res")
let impl_data_icudata_unit_en_SS_res:Array<Byte>=@res("../src/main/resources/com/ibm/icu/impl/data/icudata/unit/en_SS.res")
let impl_data_icudata_unit_en_SD_res:Array<Byte>=@res("../src/main/resources/com/ibm/icu/impl/data/icudata/unit/en_SD.res")
let impl_data_icudata_unit_in_ID_res:Array<Byte>=@res("../src/main/resources/com/ibm/icu/impl/data/icudata/unit/in_ID.res")
let impl_data_icudata_unit_shi_Tfng_MA_res:Array<Byte>=@res("../src/main/resources/com/ibm/icu/impl/data/icudata/unit/shi_Tfng_MA.res")
let impl_data_icudata_unit_ff_Adlm_res:Array<Byte>=@res("../src/main/resources/com/ibm/icu/impl/data/icudata/unit/ff_Adlm.res")
let impl_data_icudata_unit_en_FR_res:Array<Byte>=@res("../src/main/resources/com/ibm/icu/impl/data/icudata/unit/en_FR.res")
let impl_data_icudata_unit_en_DM_res:Array<Byte>=@res("../src/main/resources/com/ibm/icu/impl/data/icudata/unit/en_DM.res")
let impl_data_icudata_unit_kok_Latn_res:Array<Byte>=@res("../src/main/resources/com/ibm/icu/impl/data/icudata/unit/kok_Latn.res")
let impl_data_icudata_unit_es_PE_res:Array<Byte>=@res("../src/main/resources/com/ibm/icu/impl/data/icudata/unit/es_PE.res")
let impl_data_icudata_unit_dav_res:Array<Byte>=@res("../src/main/resources/com/ibm/icu/impl/data/icudata/unit/dav.res")
let impl_data_icudata_unit_za_res:Array<Byte>=@res("../src/main/resources/com/ibm/icu/impl/data/icudata/unit/za.res")
let impl_data_icudata_unit_es_PR_res:Array<Byte>=@res("../src/main/resources/com/ibm/icu/impl/data/icudata/unit/es_PR.res")
let impl_data_icudata_unit_cgg_res:Array<Byte>=@res("../src/main/resources/com/ibm/icu/impl/data/icudata/unit/cgg.res")
let impl_data_icudata_unit_ars_res:Array<Byte>=@res("../src/main/resources/com/ibm/icu/impl/data/icudata/unit/ars.res")
let impl_data_icudata_unit_mgh_res:Array<Byte>=@res("../src/main/resources/com/ibm/icu/impl/data/icudata/unit/mgh.res")
let impl_data_icudata_unit_ak_res:Array<Byte>=@res("../src/main/resources/com/ibm/icu/impl/data/icudata/unit/ak.res")
let impl_data_icudata_unit_bg_res:Array<Byte>=@res("../src/main/resources/com/ibm/icu/impl/data/icudata/unit/bg.res")
let impl_data_icudata_unit_sd_Deva_res:Array<Byte>=@res("../src/main/resources/com/ibm/icu/impl/data/icudata/unit/sd_Deva.res")
let impl_data_icudata_unit_nd_res:Array<Byte>=@res("../src/main/resources/com/ibm/icu/impl/data/icudata/unit/nd.res")
let impl_data_icudata_unit_ne_res:Array<Byte>=@res("../src/main/resources/com/ibm/icu/impl/data/icudata/unit/ne.res")
let impl_data_icudata_unit_kxv_Latn_res:Array<Byte>=@res("../src/main/resources/com/ibm/icu/impl/data/icudata/unit/kxv_Latn.res")
let impl_data_icudata_unit_mi_res:Array<Byte>=@res("../src/main/resources/com/ibm/icu/impl/data/icudata/unit/mi.res")
let impl_data_icudata_unit_shi_Latn_res:Array<Byte>=@res("../src/main/resources/com/ibm/icu/impl/data/icudata/unit/shi_Latn.res")
let impl_data_icudata_unit_mni_Beng_res:Array<Byte>=@res("../src/main/resources/com/ibm/icu/impl/data/icudata/unit/mni_Beng.res")
let impl_data_icudata_unit_sr_Cyrl_RS_res:Array<Byte>=@res("../src/main/resources/com/ibm/icu/impl/data/icudata/unit/sr_Cyrl_RS.res")
let impl_data_icudata_unit_az_Latn_AZ_res:Array<Byte>=@res("../src/main/resources/com/ibm/icu/impl/data/icudata/unit/az_Latn_AZ.res")
let impl_data_icudata_unit_asa_res:Array<Byte>=@res("../src/main/resources/com/ibm/icu/impl/data/icudata/unit/asa.res")
let impl_data_icudata_unit_smn_res:Array<Byte>=@res("../src/main/resources/com/ibm/icu/impl/data/icudata/unit/smn.res")
let impl_data_icudata_unit_tk_res:Array<Byte>=@res("../src/main/resources/com/ibm/icu/impl/data/icudata/unit/tk.res")
let impl_data_icudata_unit_sat_IN_res:Array<Byte>=@res("../src/main/resources/com/ibm/icu/impl/data/icudata/unit/sat_IN.res")
let impl_data_icudata_unit_xh_res:Array<Byte>=@res("../src/main/resources/com/ibm/icu/impl/data/icudata/unit/xh.res")
let impl_data_icudata_unit_en_001_res:Array<Byte>=@res("../src/main/resources/com/ibm/icu/impl/data/icudata/unit/en_001.res")
let impl_data_icudata_unit_sr_Latn_YU_res:Array<Byte>=@res("../src/main/resources/com/ibm/icu/impl/data/icudata/unit/sr_Latn_YU.res")
let impl_data_icudata_unit_ff_Latn_SN_res:Array<Byte>=@res("../src/main/resources/com/ibm/icu/impl/data/icudata/unit/ff_Latn_SN.res")
let impl_data_icudata_unit_sr_RS_res:Array<Byte>=@res("../src/main/resources/com/ibm/icu/impl/data/icudata/unit/sr_RS.res")
let impl_data_icudata_unit_zh_SG_res:Array<Byte>=@res("../src/main/resources/com/ibm/icu/impl/data/icudata/unit/zh_SG.res")
let impl_data_icudata_unit_en_SE_res:Array<Byte>=@res("../src/main/resources/com/ibm/icu/impl/data/icudata/unit/en_SE.res")
let impl_data_icudata_unit_zh_Hans_HK_res:Array<Byte>=@res("../src/main/resources/com/ibm/icu/impl/data/icudata/unit/zh_Hans_HK.res")
let impl_data_icudata_unit_pt_GW_res:Array<Byte>=@res("../src/main/resources/com/ibm/icu/impl/data/icudata/unit/pt_GW.res")
let impl_data_icudata_unit_fil_PH_res:Array<Byte>=@res("../src/main/resources/com/ibm/icu/impl/data/icudata/unit/fil_PH.res")
let impl_data_icudata_unit_en_IO_res:Array<Byte>=@res("../src/main/resources/com/ibm/icu/impl/data/icudata/unit/en_IO.res")
let impl_data_icudata_unit_sd_IN_res:Array<Byte>=@res("../src/main/resources/com/ibm/icu/impl/data/icudata/unit/sd_IN.res")
let impl_data_icudata_unit_en_HK_res:Array<Byte>=@res("../src/main/resources/com/ibm/icu/impl/data/icudata/unit/en_HK.res")
let impl_data_icudata_unit_en_GD_res:Array<Byte>=@res("../src/main/resources/com/ibm/icu/impl/data/icudata/unit/en_GD.res")
let impl_data_icudata_unit_en_GS_res:Array<Byte>=@res("../src/main/resources/com/ibm/icu/impl/data/icudata/unit/en_GS.res")
let impl_data_icudata_unit_mer_res:Array<Byte>=@res("../src/main/resources/com/ibm/icu/impl/data/icudata/unit/mer.res")
let impl_data_icudata_unit_uk_res:Array<Byte>=@res("../src/main/resources/com/ibm/icu/impl/data/icudata/unit/uk.res")
let impl_data_icudata_unit_to_res:Array<Byte>=@res("../src/main/resources/com/ibm/icu/impl/data/icudata/unit/to.res")
let impl_data_icudata_unit_dua_res:Array<Byte>=@res("../src/main/resources/com/ibm/icu/impl/data/icudata/unit/dua.res")
let impl_data_icudata_unit_or_res:Array<Byte>=@res("../src/main/resources/com/ibm/icu/impl/data/icudata/unit/or.res")
let impl_data_icudata_unit_os_res:Array<Byte>=@res("../src/main/resources/com/ibm/icu/impl/data/icudata/unit/os.res")
let impl_data_icudata_unit_ml_res:Array<Byte>=@res("../src/main/resources/com/ibm/icu/impl/data/icudata/unit/ml.res")
let impl_data_icudata_unit_sd_Arab_PK_res:Array<Byte>=@res("../src/main/resources/com/ibm/icu/impl/data/icudata/unit/sd_Arab_PK.res")
let impl_data_icudata_unit_tn_res:Array<Byte>=@res("../src/main/resources/com/ibm/icu/impl/data/icudata/unit/tn.res")
let impl_data_icudata_unit_he_IL_res:Array<Byte>=@res("../src/main/resources/com/ibm/icu/impl/data/icudata/unit/he_IL.res")
let impl_data_icudata_unit_sah_res:Array<Byte>=@res("../src/main/resources/com/ibm/icu/impl/data/icudata/unit/sah.res")
let impl_data_icudata_unit_yi_res:Array<Byte>=@res("../src/main/resources/com/ibm/icu/impl/data/icudata/unit/yi.res")
let impl_data_icudata_unit_es_PA_res:Array<Byte>=@res("../src/main/resources/com/ibm/icu/impl/data/icudata/unit/es_PA.res")
let impl_data_icudata_unit_en_IN_res:Array<Byte>=@res("../src/main/resources/com/ibm/icu/impl/data/icudata/unit/en_IN.res")
let impl_data_icudata_unit_lmo_res:Array<Byte>=@res("../src/main/resources/com/ibm/icu/impl/data/icudata/unit/lmo.res")
let impl_data_icudata_unit_en_PL_res:Array<Byte>=@res("../src/main/resources/com/ibm/icu/impl/data/icudata/unit/en_PL.res")
let impl_data_icudata_unit_ff_Latn_GN_res:Array<Byte>=@res("../src/main/resources/com/ibm/icu/impl/data/icudata/unit/ff_Latn_GN.res")
let impl_data_icudata_unit_en_SB_res:Array<Byte>=@res("../src/main/resources/com/ibm/icu/impl/data/icudata/unit/en_SB.res")
let impl_data_icudata_unit_en_PN_res:Array<Byte>=@res("../src/main/resources/com/ibm/icu/impl/data/icudata/unit/en_PN.res")
let impl_data_icudata_unit_yav_res:Array<Byte>=@res("../src/main/resources/com/ibm/icu/impl/data/icudata/unit/yav.res")
let impl_data_icudata_unit_en_IL_res:Array<Byte>=@res("../src/main/resources/com/ibm/icu/impl/data/icudata/unit/en_IL.res")
let impl_data_icudata_unit_en_GG_res:Array<Byte>=@res("../src/main/resources/com/ibm/icu/impl/data/icudata/unit/en_GG.res")
let impl_data_icudata_unit_en_DK_res:Array<Byte>=@res("../src/main/resources/com/ibm/icu/impl/data/icudata/unit/en_DK.res")
let impl_data_icudata_unit_gsw_res:Array<Byte>=@res("../src/main/resources/com/ibm/icu/impl/data/icudata/unit/gsw.res")
let impl_data_icudata_unit_res_index_res:Array<Byte>=@res("../src/main/resources/com/ibm/icu/impl/data/icudata/unit/res_index.res")
let impl_data_icudata_unit_ckb_res:Array<Byte>=@res("../src/main/resources/com/ibm/icu/impl/data/icudata/unit/ckb.res")
let impl_data_icudata_unit_az_Latn_res:Array<Byte>=@res("../src/main/resources/com/ibm/icu/impl/data/icudata/unit/az_Latn.res")
let impl_data_icudata_unit_tl_res:Array<Byte>=@res("../src/main/resources/com/ibm/icu/impl/data/icudata/unit/tl.res")
let impl_data_icudata_unit_ce_res:Array<Byte>=@res("../src/main/resources/com/ibm/icu/impl/data/icudata/unit/ce.res")
let impl_data_icudata_unit_az_res:Array<Byte>=@res("../src/main/resources/com/ibm/icu/impl/data/icudata/unit/az.res")
let impl_data_icudata_unit_am_res:Array<Byte>=@res("../src/main/resources/com/ibm/icu/impl/data/icudata/unit/am.res")
let impl_data_icudata_unit_my_res:Array<Byte>=@res("../src/main/resources/com/ibm/icu/impl/data/icudata/unit/my.res")
let impl_data_icudata_unit_nb_res:Array<Byte>=@res("../src/main/resources/com/ibm/icu/impl/data/icudata/unit/nb.res")
let impl_data_icudata_unit_mn_res:Array<Byte>=@res("../src/main/resources/com/ibm/icu/impl/data/icudata/unit/mn.res")
let impl_data_icudata_unit_mo_res:Array<Byte>=@res("../src/main/resources/com/ibm/icu/impl/data/icudata/unit/mo.res")
let impl_data_icudata_unit_es_EC_res:Array<Byte>=@res("../src/main/resources/com/ibm/icu/impl/data/icudata/unit/es_EC.res")
let impl_data_icudata_unit_yrl_VE_res:Array<Byte>=@res("../src/main/resources/com/ibm/icu/impl/data/icudata/unit/yrl_VE.res")
let impl_data_icudata_unit_cs_res:Array<Byte>=@res("../src/main/resources/com/ibm/icu/impl/data/icudata/unit/cs.res")
let impl_data_icudata_unit_mgo_res:Array<Byte>=@res("../src/main/resources/com/ibm/icu/impl/data/icudata/unit/mgo.res")
let impl_data_icudata_unit_sbp_res:Array<Byte>=@res("../src/main/resources/com/ibm/icu/impl/data/icudata/unit/sbp.res")
let impl_data_icudata_unit_kea_res:Array<Byte>=@res("../src/main/resources/com/ibm/icu/impl/data/icudata/unit/kea.res")
let impl_data_icudata_unit_kde_res:Array<Byte>=@res("../src/main/resources/com/ibm/icu/impl/data/icudata/unit/kde.res")
let impl_data_icudata_unit_nn_NO_res:Array<Byte>=@res("../src/main/resources/com/ibm/icu/impl/data/icudata/unit/nn_NO.res")
let impl_data_icudata_unit_en_IM_res:Array<Byte>=@res("../src/main/resources/com/ibm/icu/impl/data/icudata/unit/en_IM.res")
let impl_data_icudata_unit_yue_res:Array<Byte>=@res("../src/main/resources/com/ibm/icu/impl/data/icudata/unit/yue.res")
let impl_data_icudata_unit_khq_res:Array<Byte>=@res("../src/main/resources/com/ibm/icu/impl/data/icudata/unit/khq.res")
let impl_data_icudata_unit_kkj_res:Array<Byte>=@res("../src/main/resources/com/ibm/icu/impl/data/icudata/unit/kkj.res")
let impl_data_icudata_unit_en_KE_res:Array<Byte>=@res("../src/main/resources/com/ibm/icu/impl/data/icudata/unit/en_KE.res")
let impl_data_icudata_unit_en_SC_res:Array<Byte>=@res("../src/main/resources/com/ibm/icu/impl/data/icudata/unit/en_SC.res")
let impl_data_icudata_unit_zh_HK_res:Array<Byte>=@res("../src/main/resources/com/ibm/icu/impl/data/icudata/unit/zh_HK.res")
let impl_data_icudata_unit_ff_CM_res:Array<Byte>=@res("../src/main/resources/com/ibm/icu/impl/data/icudata/unit/ff_CM.res")
let impl_data_icudata_unit_en_MU_res:Array<Byte>=@res("../src/main/resources/com/ibm/icu/impl/data/icudata/unit/en_MU.res")
let impl_data_icudata_unit_nso_res:Array<Byte>=@res("../src/main/resources/com/ibm/icu/impl/data/icudata/unit/nso.res")
let impl_data_icudata_unit_sr_Latn_RS_res:Array<Byte>=@res("../src/main/resources/com/ibm/icu/impl/data/icudata/unit/sr_Latn_RS.res")
let impl_data_icudata_unit_en_BM_res:Array<Byte>=@res("../src/main/resources/com/ibm/icu/impl/data/icudata/unit/en_BM.res")
let impl_data_icudata_unit_en_BZ_res:Array<Byte>=@res("../src/main/resources/com/ibm/icu/impl/data/icudata/unit/en_BZ.res")
let impl_data_icudata_unit_sr_YU_res:Array<Byte>=@res("../src/main/resources/com/ibm/icu/impl/data/icudata/unit/sr_YU.res")
let impl_data_icudata_unit_pt_LU_res:Array<Byte>=@res("../src/main/resources/com/ibm/icu/impl/data/icudata/unit/pt_LU.res")
let impl_data_icudata_unit_es_VE_res:Array<Byte>=@res("../src/main/resources/com/ibm/icu/impl/data/icudata/unit/es_VE.res")
let impl_data_icudata_unit_ses_res:Array<Byte>=@res("../src/main/resources/com/ibm/icu/impl/data/icudata/unit/ses.res")
let impl_data_icudata_unit_sn_res:Array<Byte>=@res("../src/main/resources/com/ibm/icu/impl/data/icudata/unit/sn.res")
let impl_data_icudata_unit_no_NO_NY_res:Array<Byte>=@res("../src/main/resources/com/ibm/icu/impl/data/icudata/unit/no_NO_NY.res")
let impl_data_icudata_unit_fo_res:Array<Byte>=@res("../src/main/resources/com/ibm/icu/impl/data/icudata/unit/fo.res")
let impl_data_icudata_unit_et_res:Array<Byte>=@res("../src/main/resources/com/ibm/icu/impl/data/icudata/unit/et.res")
let impl_data_icudata_unit_es_MX_res:Array<Byte>=@res("../src/main/resources/com/ibm/icu/impl/data/icudata/unit/es_MX.res")
let impl_data_icudata_unit_iw_res:Array<Byte>=@res("../src/main/resources/com/ibm/icu/impl/data/icudata/unit/iw.res")
let impl_data_icudata_unit_sr_Cyrl_YU_res:Array<Byte>=@res("../src/main/resources/com/ibm/icu/impl/data/icudata/unit/sr_Cyrl_YU.res")
let impl_data_icudata_unit_he_res:Array<Byte>=@res("../src/main/resources/com/ibm/icu/impl/data/icudata/unit/he.res")
let impl_data_icudata_unit_es_CR_res:Array<Byte>=@res("../src/main/resources/com/ibm/icu/impl/data/icudata/unit/es_CR.res")
let impl_data_icudata_unit_ia_res:Array<Byte>=@res("../src/main/resources/com/ibm/icu/impl/data/icudata/unit/ia.res")
let impl_data_icudata_unit_twq_res:Array<Byte>=@res("../src/main/resources/com/ibm/icu/impl/data/icudata/unit/twq.res")
let impl_data_icudata_unit_ki_res:Array<Byte>=@res("../src/main/resources/com/ibm/icu/impl/data/icudata/unit/ki.res")
let impl_data_icudata_unit_hr_res:Array<Byte>=@res("../src/main/resources/com/ibm/icu/impl/data/icudata/unit/hr.res")
let impl_data_icudata_unit_iw_IL_res:Array<Byte>=@res("../src/main/resources/com/ibm/icu/impl/data/icudata/unit/iw_IL.res")
let impl_data_icudata_unit_ks_Arab_res:Array<Byte>=@res("../src/main/resources/com/ibm/icu/impl/data/icudata/unit/ks_Arab.res")
let impl_data_icudata_unit_fy_res:Array<Byte>=@res("../src/main/resources/com/ibm/icu/impl/data/icudata/unit/fy.res")
let impl_data_icudata_unit_vai_res:Array<Byte>=@res("../src/main/resources/com/ibm/icu/impl/data/icudata/unit/vai.res")
let impl_data_icudata_unit_eu_res:Array<Byte>=@res("../src/main/resources/com/ibm/icu/impl/data/icudata/unit/eu.res")
let impl_data_icudata_unit_shi_Tfng_res:Array<Byte>=@res("../src/main/resources/com/ibm/icu/impl/data/icudata/unit/shi_Tfng.res")
let impl_data_icudata_unit_mai_res:Array<Byte>=@res("../src/main/resources/com/ibm/icu/impl/data/icudata/unit/mai.res")
let impl_data_icudata_unit_jgo_res:Array<Byte>=@res("../src/main/resources/com/ibm/icu/impl/data/icudata/unit/jgo.res")
let impl_data_icudata_unit_so_res:Array<Byte>=@res("../src/main/resources/com/ibm/icu/impl/data/icudata/unit/so.res")
let impl_data_icudata_unit_pt_res:Array<Byte>=@res("../src/main/resources/com/ibm/icu/impl/data/icudata/unit/pt.res")
let impl_data_icudata_unit_rof_res:Array<Byte>=@res("../src/main/resources/com/ibm/icu/impl/data/icudata/unit/rof.res")
let impl_data_icudata_unit_en_CH_res:Array<Byte>=@res("../src/main/resources/com/ibm/icu/impl/data/icudata/unit/en_CH.res")
let impl_data_icudata_unit_vai_LR_res:Array<Byte>=@res("../src/main/resources/com/ibm/icu/impl/data/icudata/unit/vai_LR.res")
let impl_data_icudata_unit_id_ID_res:Array<Byte>=@res("../src/main/resources/com/ibm/icu/impl/data/icudata/unit/id_ID.res")
let impl_data_icudata_unit_en_NO_res:Array<Byte>=@res("../src/main/resources/com/ibm/icu/impl/data/icudata/unit/en_NO.res")
let impl_data_icudata_unit_en_MT_res:Array<Byte>=@res("../src/main/resources/com/ibm/icu/impl/data/icudata/unit/en_MT.res")
let impl_data_icudata_unit_en_TV_res:Array<Byte>=@res("../src/main/resources/com/ibm/icu/impl/data/icudata/unit/en_TV.res")
let impl_data_icudata_unit_en_TT_res:Array<Byte>=@res("../src/main/resources/com/ibm/icu/impl/data/icudata/unit/en_TT.res")
let impl_data_icudata_unit_en_TC_res:Array<Byte>=@res("../src/main/resources/com/ibm/icu/impl/data/icudata/unit/en_TC.res")
let impl_data_icudata_unit_yue_Hans_CN_res:Array<Byte>=@res("../src/main/resources/com/ibm/icu/impl/data/icudata/unit/yue_Hans_CN.res")
let impl_data_icudata_unit_en_UG_res:Array<Byte>=@res("../src/main/resources/com/ibm/icu/impl/data/icudata/unit/en_UG.res")
let impl_data_icudata_unit_ewo_res:Array<Byte>=@res("../src/main/resources/com/ibm/icu/impl/data/icudata/unit/ewo.res")
let impl_data_icudata_unit_ff_MR_res:Array<Byte>=@res("../src/main/resources/com/ibm/icu/impl/data/icudata/unit/ff_MR.res")
let impl_data_icudata_unit_en_LR_res:Array<Byte>=@res("../src/main/resources/com/ibm/icu/impl/data/icudata/unit/en_LR.res")
let impl_data_icudata_unit_en_MV_res:Array<Byte>=@res("../src/main/resources/com/ibm/icu/impl/data/icudata/unit/en_MV.res")
let impl_data_icudata_unit_en_NZ_res:Array<Byte>=@res("../src/main/resources/com/ibm/icu/impl/data/icudata/unit/en_NZ.res")
let impl_data_icudata_unit_en_AU_res:Array<Byte>=@res("../src/main/resources/com/ibm/icu/impl/data/icudata/unit/en_AU.res")
let impl_data_icudata_unit_kam_res:Array<Byte>=@res("../src/main/resources/com/ibm/icu/impl/data/icudata/unit/kam.res")
let impl_data_icudata_unit_vun_res:Array<Byte>=@res("../src/main/resources/com/ibm/icu/impl/data/icudata/unit/vun.res")
let impl_data_icudata_unit_dje_res:Array<Byte>=@res("../src/main/resources/com/ibm/icu/impl/data/icudata/unit/dje.res")
let impl_data_icudata_unit_pa_res:Array<Byte>=@res("../src/main/resources/com/ibm/icu/impl/data/icudata/unit/pa.res")
let impl_data_icudata_unit_kk_res:Array<Byte>=@res("../src/main/resources/com/ibm/icu/impl/data/icudata/unit/kk.res")
let impl_data_icudata_unit_it_res:Array<Byte>=@res("../src/main/resources/com/ibm/icu/impl/data/icudata/unit/it.res")
let impl_data_icudata_unit_de_res:Array<Byte>=@res("../src/main/resources/com/ibm/icu/impl/data/icudata/unit/de.res")
let impl_data_icudata_unit_sl_res:Array<Byte>=@res("../src/main/resources/com/ibm/icu/impl/data/icudata/unit/sl.res")
let impl_data_icudata_unit_sr_Cyrl_res:Array<Byte>=@res("../src/main/resources/com/ibm/icu/impl/data/icudata/unit/sr_Cyrl.res")
let impl_data_icudata_unit_root_res:Array<Byte>=@res("../src/main/resources/com/ibm/icu/impl/data/icudata/unit/root.res")
let impl_data_icudata_unit_en_AT_res:Array<Byte>=@res("../src/main/resources/com/ibm/icu/impl/data/icudata/unit/en_AT.res")
let impl_data_icudata_unit_en_CK_res:Array<Byte>=@res("../src/main/resources/com/ibm/icu/impl/data/icudata/unit/en_CK.res")
let impl_data_icudata_unit_bez_res:Array<Byte>=@res("../src/main/resources/com/ibm/icu/impl/data/icudata/unit/bez.res")
let impl_data_icudata_unit_zh_TW_res:Array<Byte>=@res("../src/main/resources/com/ibm/icu/impl/data/icudata/unit/zh_TW.res")
let impl_data_icudata_unit_en_NL_res:Array<Byte>=@res("../src/main/resources/com/ibm/icu/impl/data/icudata/unit/en_NL.res")
let impl_data_icudata_unit_en_MW_res:Array<Byte>=@res("../src/main/resources/com/ibm/icu/impl/data/icudata/unit/en_MW.res")
let impl_data_icudata_unit_bem_res:Array<Byte>=@res("../src/main/resources/com/ibm/icu/impl/data/icudata/unit/bem.res")
let impl_data_icudata_unit_en_LS_res:Array<Byte>=@res("../src/main/resources/com/ibm/icu/impl/data/icudata/unit/en_LS.res")
let impl_data_icudata_unit_bs_Latn_res:Array<Byte>=@res("../src/main/resources/com/ibm/icu/impl/data/icudata/unit/bs_Latn.res")
let impl_data_icudata_unit_nds_res:Array<Byte>=@res("../src/main/resources/com/ibm/icu/impl/data/icudata/unit/nds.res")
let impl_data_icudata_unit_ks_IN_res:Array<Byte>=@res("../src/main/resources/com/ibm/icu/impl/data/icudata/unit/ks_IN.res")
let impl_data_icudata_unit_gaa_res:Array<Byte>=@res("../src/main/resources/com/ibm/icu/impl/data/icudata/unit/gaa.res")
let impl_data_icudata_unit_sr_ME_res:Array<Byte>=@res("../src/main/resources/com/ibm/icu/impl/data/icudata/unit/sr_ME.res")
let impl_data_icudata_unit_su_Latn_ID_res:Array<Byte>=@res("../src/main/resources/com/ibm/icu/impl/data/icudata/unit/su_Latn_ID.res")
let impl_data_icudata_unit_en_ZM_res:Array<Byte>=@res("../src/main/resources/com/ibm/icu/impl/data/icudata/unit/en_ZM.res")
let impl_data_icudata_unit_mni_IN_res:Array<Byte>=@res("../src/main/resources/com/ibm/icu/impl/data/icudata/unit/mni_IN.res")
let impl_data_icudata_unit_raj_res:Array<Byte>=@res("../src/main/resources/com/ibm/icu/impl/data/icudata/unit/raj.res")
let impl_data_icudata_unit_en_MS_res:Array<Byte>=@res("../src/main/resources/com/ibm/icu/impl/data/icudata/unit/en_MS.res")
let impl_data_icudata_unit_en_NH_res:Array<Byte>=@res("../src/main/resources/com/ibm/icu/impl/data/icudata/unit/en_NH.res")
let impl_data_icudata_unit_en_CX_res:Array<Byte>=@res("../src/main/resources/com/ibm/icu/impl/data/icudata/unit/en_CX.res")
let impl_data_icudata_unit_en_AG_res:Array<Byte>=@res("../src/main/resources/com/ibm/icu/impl/data/icudata/unit/en_AG.res")
let impl_data_icudata_unit_ps_res:Array<Byte>=@res("../src/main/resources/com/ibm/icu/impl/data/icudata/unit/ps.res")
let impl_data_icudata_unit_sh_res:Array<Byte>=@res("../src/main/resources/com/ibm/icu/impl/data/icudata/unit/sh.res")
let impl_data_icudata_unit_da_res:Array<Byte>=@res("../src/main/resources/com/ibm/icu/impl/data/icudata/unit/da.res")
let impl_data_icudata_unit_ee_res:Array<Byte>=@res("../src/main/resources/com/ibm/icu/impl/data/icudata/unit/ee.res")
let impl_data_icudata_unit_fi_res:Array<Byte>=@res("../src/main/resources/com/ibm/icu/impl/data/icudata/unit/fi.res")
let impl_data_icudata_unit_ky_res:Array<Byte>=@res("../src/main/resources/com/ibm/icu/impl/data/icudata/unit/ky.res")
let impl_data_icudata_unit_es_CU_res:Array<Byte>=@res("../src/main/resources/com/ibm/icu/impl/data/icudata/unit/es_CU.res")
let impl_data_icudata_unit_dsb_res:Array<Byte>=@res("../src/main/resources/com/ibm/icu/impl/data/icudata/unit/dsb.res")
let impl_data_icudata_unit_kxv_Deva_res:Array<Byte>=@res("../src/main/resources/com/ibm/icu/impl/data/icudata/unit/kxv_Deva.res")
let impl_data_icudata_unit_hu_res:Array<Byte>=@res("../src/main/resources/com/ibm/icu/impl/data/icudata/unit/hu.res")
let impl_data_icudata_unit_kn_res:Array<Byte>=@res("../src/main/resources/com/ibm/icu/impl/data/icudata/unit/kn.res")
let impl_data_icudata_unit_ko_res:Array<Byte>=@res("../src/main/resources/com/ibm/icu/impl/data/icudata/unit/ko.res")
let impl_data_icudata_unit_ig_res:Array<Byte>=@res("../src/main/resources/com/ibm/icu/impl/data/icudata/unit/ig.res")
let impl_data_icudata_unit_es_res:Array<Byte>=@res("../src/main/resources/com/ibm/icu/impl/data/icudata/unit/es.res")
let impl_data_icudata_unit_gl_res:Array<Byte>=@res("../src/main/resources/com/ibm/icu/impl/data/icudata/unit/gl.res")
let impl_data_icudata_unit_rm_res:Array<Byte>=@res("../src/main/resources/com/ibm/icu/impl/data/icudata/unit/rm.res")
let impl_data_icudata_unit_si_res:Array<Byte>=@res("../src/main/resources/com/ibm/icu/impl/data/icudata/unit/si.res")
let impl_data_icudata_unit_es_UY_res:Array<Byte>=@res("../src/main/resources/com/ibm/icu/impl/data/icudata/unit/es_UY.res")
let impl_data_icudata_unit_bho_res:Array<Byte>=@res("../src/main/resources/com/ibm/icu/impl/data/icudata/unit/bho.res")
let impl_data_icudata_unit_uz_Latn_UZ_res:Array<Byte>=@res("../src/main/resources/com/ibm/icu/impl/data/icudata/unit/uz_Latn_UZ.res")
let impl_data_icudata_unit_en_CY_res:Array<Byte>=@res("../src/main/resources/com/ibm/icu/impl/data/icudata/unit/en_CY.res")
let impl_data_icudata_unit_kln_res:Array<Byte>=@res("../src/main/resources/com/ibm/icu/impl/data/icudata/unit/kln.res")
let impl_data_icudata_unit_zh_Hans_CN_res:Array<Byte>=@res("../src/main/resources/com/ibm/icu/impl/data/icudata/unit/zh_Hans_CN.res")
let impl_data_icudata_unit_zh_CN_res:Array<Byte>=@res("../src/main/resources/com/ibm/icu/impl/data/icudata/unit/zh_CN.res")
let impl_data_icudata_unit_en_MG_res:Array<Byte>=@res("../src/main/resources/com/ibm/icu/impl/data/icudata/unit/en_MG.res")
let impl_data_icudata_unit_pt_CH_res:Array<Byte>=@res("../src/main/resources/com/ibm/icu/impl/data/icudata/unit/pt_CH.res")
let impl_data_icudata_unit_en_LC_res:Array<Byte>=@res("../src/main/resources/com/ibm/icu/impl/data/icudata/unit/en_LC.res")
let impl_data_icudata_unit_az_AZ_res:Array<Byte>=@res("../src/main/resources/com/ibm/icu/impl/data/icudata/unit/az_AZ.res")
let impl_data_icudata_unit_ro_res:Array<Byte>=@res("../src/main/resources/com/ibm/icu/impl/data/icudata/unit/ro.res")
let impl_data_icudata_unit_sk_res:Array<Byte>=@res("../src/main/resources/com/ibm/icu/impl/data/icudata/unit/sk.res")
let impl_data_icudata_unit_uz_UZ_res:Array<Byte>=@res("../src/main/resources/com/ibm/icu/impl/data/icudata/unit/uz_UZ.res")
let impl_data_icudata_unit_ie_res:Array<Byte>=@res("../src/main/resources/com/ibm/icu/impl/data/icudata/unit/ie.res")
let impl_data_icudata_unit_es_BR_res:Array<Byte>=@res("../src/main/resources/com/ibm/icu/impl/data/icudata/unit/es_BR.res")
let impl_data_icudata_unit_ha_res:Array<Byte>=@res("../src/main/resources/com/ibm/icu/impl/data/icudata/unit/ha.res")
let impl_data_icudata_unit_km_res:Array<Byte>=@res("../src/main/resources/com/ibm/icu/impl/data/icudata/unit/km.res")
let impl_data_icudata_unit_kl_res:Array<Byte>=@res("../src/main/resources/com/ibm/icu/impl/data/icudata/unit/kl.res")
let impl_data_icudata_unit_fil_res:Array<Byte>=@res("../src/main/resources/com/ibm/icu/impl/data/icudata/unit/fil.res")
let impl_data_icudata_unit_is_res:Array<Byte>=@res("../src/main/resources/com/ibm/icu/impl/data/icudata/unit/is.res")
let impl_data_icudata_unit_sh_YU_res:Array<Byte>=@res("../src/main/resources/com/ibm/icu/impl/data/icudata/unit/sh_YU.res")
let impl_data_icudata_unit_id_res:Array<Byte>=@res("../src/main/resources/com/ibm/icu/impl/data/icudata/unit/id.res")
let impl_data_icudata_unit_rn_res:Array<Byte>=@res("../src/main/resources/com/ibm/icu/impl/data/icudata/unit/rn.res")
let impl_data_icudata_unit_qu_res:Array<Byte>=@res("../src/main/resources/com/ibm/icu/impl/data/icudata/unit/qu.res")
let impl_data_icudata_unit_uz_Latn_res:Array<Byte>=@res("../src/main/resources/com/ibm/icu/impl/data/icudata/unit/uz_Latn.res")
let impl_data_icudata_unit_en_CM_res:Array<Byte>=@res("../src/main/resources/com/ibm/icu/impl/data/icudata/unit/en_CM.res")
let impl_data_icudata_unit_en_CZ_res:Array<Byte>=@res("../src/main/resources/com/ibm/icu/impl/data/icudata/unit/en_CZ.res")
let impl_data_icudata_unit_bgc_res:Array<Byte>=@res("../src/main/resources/com/ibm/icu/impl/data/icudata/unit/bgc.res")
let impl_data_icudata_unit_zh_Hant_MO_res:Array<Byte>=@res("../src/main/resources/com/ibm/icu/impl/data/icudata/unit/zh_Hant_MO.res")
let impl_data_icudata_hy_res:Array<Byte>=@res("../src/main/resources/com/ibm/icu/impl/data/icudata/hy.res")
let impl_data_icudata_szl_PL_res:Array<Byte>=@res("../src/main/resources/com/ibm/icu/impl/data/icudata/szl_PL.res")
let impl_data_icudata_es_CO_res:Array<Byte>=@res("../src/main/resources/com/ibm/icu/impl/data/icudata/es_CO.res")
let impl_data_icudata_rbnf_zh_Hant_TW_res:Array<Byte>=@res("../src/main/resources/com/ibm/icu/impl/data/icudata/rbnf/zh_Hant_TW.res")
let impl_data_icudata_rbnf_gu_res:Array<Byte>=@res("../src/main/resources/com/ibm/icu/impl/data/icudata/rbnf/gu.res")
let impl_data_icudata_rbnf_ff_res:Array<Byte>=@res("../src/main/resources/com/ibm/icu/impl/data/icudata/rbnf/ff.res")
let impl_data_icudata_rbnf_ka_res:Array<Byte>=@res("../src/main/resources/com/ibm/icu/impl/data/icudata/rbnf/ka.res")
let impl_data_icudata_rbnf_ru_res:Array<Byte>=@res("../src/main/resources/com/ibm/icu/impl/data/icudata/rbnf/ru.res")
let impl_data_icudata_rbnf_sq_res:Array<Byte>=@res("../src/main/resources/com/ibm/icu/impl/data/icudata/rbnf/sq.res")
let impl_data_icudata_rbnf_ar_SA_res:Array<Byte>=@res("../src/main/resources/com/ibm/icu/impl/data/icudata/rbnf/ar_SA.res")
let impl_data_icudata_rbnf_ccp_res:Array<Byte>=@res("../src/main/resources/com/ibm/icu/impl/data/icudata/rbnf/ccp.res")
let impl_data_icudata_rbnf_lrc_res:Array<Byte>=@res("../src/main/resources/com/ibm/icu/impl/data/icudata/rbnf/lrc.res")
let impl_data_icudata_rbnf_fa_AF_res:Array<Byte>=@res("../src/main/resources/com/ibm/icu/impl/data/icudata/rbnf/fa_AF.res")
let impl_data_icudata_rbnf_fr_res:Array<Byte>=@res("../src/main/resources/com/ibm/icu/impl/data/icudata/rbnf/fr.res")
let impl_data_icudata_rbnf_ga_res:Array<Byte>=@res("../src/main/resources/com/ibm/icu/impl/data/icudata/rbnf/ga.res")
let impl_data_icudata_rbnf_es_NI_res:Array<Byte>=@res("../src/main/resources/com/ibm/icu/impl/data/icudata/rbnf/es_NI.res")
let impl_data_icudata_rbnf_hy_res:Array<Byte>=@res("../src/main/resources/com/ibm/icu/impl/data/icudata/rbnf/hy.res")
let impl_data_icudata_rbnf_se_res:Array<Byte>=@res("../src/main/resources/com/ibm/icu/impl/data/icudata/rbnf/se.res")
let impl_data_icudata_rbnf_sr_res:Array<Byte>=@res("../src/main/resources/com/ibm/icu/impl/data/icudata/rbnf/sr.res")
let impl_data_icudata_rbnf_zh_MO_res:Array<Byte>=@res("../src/main/resources/com/ibm/icu/impl/data/icudata/rbnf/zh_MO.res")
let impl_data_icudata_rbnf_sv_res:Array<Byte>=@res("../src/main/resources/com/ibm/icu/impl/data/icudata/rbnf/sv.res")
let impl_data_icudata_rbnf_el_res:Array<Byte>=@res("../src/main/resources/com/ibm/icu/impl/data/icudata/rbnf/el.res")
let impl_data_icudata_rbnf_in_res:Array<Byte>=@res("../src/main/resources/com/ibm/icu/impl/data/icudata/rbnf/in.res")
let impl_data_icudata_rbnf_fa_res:Array<Byte>=@res("../src/main/resources/com/ibm/icu/impl/data/icudata/rbnf/fa.res")
let impl_data_icudata_rbnf_pl_res:Array<Byte>=@res("../src/main/resources/com/ibm/icu/impl/data/icudata/rbnf/pl.res")
let impl_data_icudata_rbnf_sw_res:Array<Byte>=@res("../src/main/resources/com/ibm/icu/impl/data/icudata/rbnf/sw.res")
let impl_data_icudata_rbnf_yue_Hans_res:Array<Byte>=@res("../src/main/resources/com/ibm/icu/impl/data/icudata/rbnf/yue_Hans.res")
let impl_data_icudata_rbnf_su_res:Array<Byte>=@res("../src/main/resources/com/ibm/icu/impl/data/icudata/rbnf/su.res")
let impl_data_icudata_rbnf_eo_res:Array<Byte>=@res("../src/main/resources/com/ibm/icu/impl/data/icudata/rbnf/eo.res")
let impl_data_icudata_rbnf_de_CH_res:Array<Byte>=@res("../src/main/resources/com/ibm/icu/impl/data/icudata/rbnf/de_CH.res")
let impl_data_icudata_rbnf_hi_res:Array<Byte>=@res("../src/main/resources/com/ibm/icu/impl/data/icudata/rbnf/hi.res")
let impl_data_icudata_rbnf_ja_res:Array<Byte>=@res("../src/main/resources/com/ibm/icu/impl/data/icudata/rbnf/ja.res")
let impl_data_icudata_rbnf_en_res:Array<Byte>=@res("../src/main/resources/com/ibm/icu/impl/data/icudata/rbnf/en.res")
let impl_data_icudata_rbnf_fr_BE_res:Array<Byte>=@res("../src/main/resources/com/ibm/icu/impl/data/icudata/rbnf/fr_BE.res")
let impl_data_icudata_rbnf_es_US_res:Array<Byte>=@res("../src/main/resources/com/ibm/icu/impl/data/icudata/rbnf/es_US.res")
let impl_data_icudata_rbnf_nn_res:Array<Byte>=@res("../src/main/resources/com/ibm/icu/impl/data/icudata/rbnf/nn.res")
let impl_data_icudata_rbnf_no_res:Array<Byte>=@res("../src/main/resources/com/ibm/icu/impl/data/icudata/rbnf/no.res")
let impl_data_icudata_rbnf_mt_res:Array<Byte>=@res("../src/main/resources/com/ibm/icu/impl/data/icudata/rbnf/mt.res")
let impl_data_icudata_rbnf_ta_res:Array<Byte>=@res("../src/main/resources/com/ibm/icu/impl/data/icudata/rbnf/ta.res")
let impl_data_icudata_rbnf_vi_res:Array<Byte>=@res("../src/main/resources/com/ibm/icu/impl/data/icudata/rbnf/vi.res")
let impl_data_icudata_rbnf_zh_Hant_res:Array<Byte>=@res("../src/main/resources/com/ibm/icu/impl/data/icudata/rbnf/zh_Hant.res")
let impl_data_icudata_rbnf_zh_res:Array<Byte>=@res("../src/main/resources/com/ibm/icu/impl/data/icudata/rbnf/zh.res")
let impl_data_icudata_rbnf_nl_res:Array<Byte>=@res("../src/main/resources/com/ibm/icu/impl/data/icudata/rbnf/nl.res")
let impl_data_icudata_rbnf_es_SV_res:Array<Byte>=@res("../src/main/resources/com/ibm/icu/impl/data/icudata/rbnf/es_SV.res")
let impl_data_icudata_rbnf_zh_Hant_HK_res:Array<Byte>=@res("../src/main/resources/com/ibm/icu/impl/data/icudata/rbnf/zh_Hant_HK.res")
let impl_data_icudata_rbnf_ms_res:Array<Byte>=@res("../src/main/resources/com/ibm/icu/impl/data/icudata/rbnf/ms.res")
let impl_data_icudata_rbnf_lv_res:Array<Byte>=@res("../src/main/resources/com/ibm/icu/impl/data/icudata/rbnf/lv.res")
let impl_data_icudata_rbnf_af_res:Array<Byte>=@res("../src/main/resources/com/ibm/icu/impl/data/icudata/rbnf/af.res")
let impl_data_icudata_rbnf_es_HN_res:Array<Byte>=@res("../src/main/resources/com/ibm/icu/impl/data/icudata/rbnf/es_HN.res")
let impl_data_icudata_rbnf_cy_res:Array<Byte>=@res("../src/main/resources/com/ibm/icu/impl/data/icudata/rbnf/cy.res")
let impl_data_icudata_rbnf_chr_res:Array<Byte>=@res("../src/main/resources/com/ibm/icu/impl/data/icudata/rbnf/chr.res")
let impl_data_icudata_rbnf_pt_PT_res:Array<Byte>=@res("../src/main/resources/com/ibm/icu/impl/data/icudata/rbnf/pt_PT.res")
let impl_data_icudata_rbnf_es_419_res:Array<Byte>=@res("../src/main/resources/com/ibm/icu/impl/data/icudata/rbnf/es_419.res")
let impl_data_icudata_rbnf_tr_res:Array<Byte>=@res("../src/main/resources/com/ibm/icu/impl/data/icudata/rbnf/tr.res")
let impl_data_icudata_rbnf_es_GT_res:Array<Byte>=@res("../src/main/resources/com/ibm/icu/impl/data/icudata/rbnf/es_GT.res")
let impl_data_icudata_rbnf_sr_Latn_res:Array<Byte>=@res("../src/main/resources/com/ibm/icu/impl/data/icudata/rbnf/sr_Latn.res")
let impl_data_icudata_rbnf_es_DO_res:Array<Byte>=@res("../src/main/resources/com/ibm/icu/impl/data/icudata/rbnf/es_DO.res")
let impl_data_icudata_rbnf_lt_res:Array<Byte>=@res("../src/main/resources/com/ibm/icu/impl/data/icudata/rbnf/lt.res")
let impl_data_icudata_rbnf_lb_res:Array<Byte>=@res("../src/main/resources/com/ibm/icu/impl/data/icudata/rbnf/lb.res")
let impl_data_icudata_rbnf_ar_res:Array<Byte>=@res("../src/main/resources/com/ibm/icu/impl/data/icudata/rbnf/ar.res")
let impl_data_icudata_rbnf_bs_res:Array<Byte>=@res("../src/main/resources/com/ibm/icu/impl/data/icudata/rbnf/bs.res")
let impl_data_icudata_rbnf_vec_res:Array<Byte>=@res("../src/main/resources/com/ibm/icu/impl/data/icudata/rbnf/vec.res")
let impl_data_icudata_rbnf_lo_res:Array<Byte>=@res("../src/main/resources/com/ibm/icu/impl/data/icudata/rbnf/lo.res")
let impl_data_icudata_rbnf_mk_res:Array<Byte>=@res("../src/main/resources/com/ibm/icu/impl/data/icudata/rbnf/mk.res")
let impl_data_icudata_rbnf_be_res:Array<Byte>=@res("../src/main/resources/com/ibm/icu/impl/data/icudata/rbnf/be.res")
let impl_data_icudata_rbnf_ca_res:Array<Byte>=@res("../src/main/resources/com/ibm/icu/impl/data/icudata/rbnf/ca.res")
let impl_data_icudata_rbnf_th_res:Array<Byte>=@res("../src/main/resources/com/ibm/icu/impl/data/icudata/rbnf/th.res")
let impl_data_icudata_rbnf_es_PR_res:Array<Byte>=@res("../src/main/resources/com/ibm/icu/impl/data/icudata/rbnf/es_PR.res")
let impl_data_icudata_rbnf_ars_res:Array<Byte>=@res("../src/main/resources/com/ibm/icu/impl/data/icudata/rbnf/ars.res")
let impl_data_icudata_rbnf_ak_res:Array<Byte>=@res("../src/main/resources/com/ibm/icu/impl/data/icudata/rbnf/ak.res")
let impl_data_icudata_rbnf_bg_res:Array<Byte>=@res("../src/main/resources/com/ibm/icu/impl/data/icudata/rbnf/bg.res")
let impl_data_icudata_rbnf_ne_res:Array<Byte>=@res("../src/main/resources/com/ibm/icu/impl/data/icudata/rbnf/ne.res")
let impl_data_icudata_rbnf_en_001_res:Array<Byte>=@res("../src/main/resources/com/ibm/icu/impl/data/icudata/rbnf/en_001.res")
let impl_data_icudata_rbnf_uk_res:Array<Byte>=@res("../src/main/resources/com/ibm/icu/impl/data/icudata/rbnf/uk.res")
let impl_data_icudata_rbnf_es_PA_res:Array<Byte>=@res("../src/main/resources/com/ibm/icu/impl/data/icudata/rbnf/es_PA.res")
let impl_data_icudata_rbnf_en_IN_res:Array<Byte>=@res("../src/main/resources/com/ibm/icu/impl/data/icudata/rbnf/en_IN.res")
let impl_data_icudata_rbnf_res_index_res:Array<Byte>=@res("../src/main/resources/com/ibm/icu/impl/data/icudata/rbnf/res_index.res")
let impl_data_icudata_rbnf_az_res:Array<Byte>=@res("../src/main/resources/com/ibm/icu/impl/data/icudata/rbnf/az.res")
let impl_data_icudata_rbnf_am_res:Array<Byte>=@res("../src/main/resources/com/ibm/icu/impl/data/icudata/rbnf/am.res")
let impl_data_icudata_rbnf_my_res:Array<Byte>=@res("../src/main/resources/com/ibm/icu/impl/data/icudata/rbnf/my.res")
let impl_data_icudata_rbnf_nb_res:Array<Byte>=@res("../src/main/resources/com/ibm/icu/impl/data/icudata/rbnf/nb.res")
let impl_data_icudata_rbnf_cs_res:Array<Byte>=@res("../src/main/resources/com/ibm/icu/impl/data/icudata/rbnf/cs.res")
let impl_data_icudata_rbnf_yue_res:Array<Byte>=@res("../src/main/resources/com/ibm/icu/impl/data/icudata/rbnf/yue.res")
let impl_data_icudata_rbnf_zh_HK_res:Array<Byte>=@res("../src/main/resources/com/ibm/icu/impl/data/icudata/rbnf/zh_HK.res")
let impl_data_icudata_rbnf_fo_res:Array<Byte>=@res("../src/main/resources/com/ibm/icu/impl/data/icudata/rbnf/fo.res")
let impl_data_icudata_rbnf_et_res:Array<Byte>=@res("../src/main/resources/com/ibm/icu/impl/data/icudata/rbnf/et.res")
let impl_data_icudata_rbnf_es_MX_res:Array<Byte>=@res("../src/main/resources/com/ibm/icu/impl/data/icudata/rbnf/es_MX.res")
let impl_data_icudata_rbnf_iw_res:Array<Byte>=@res("../src/main/resources/com/ibm/icu/impl/data/icudata/rbnf/iw.res")
let impl_data_icudata_rbnf_he_res:Array<Byte>=@res("../src/main/resources/com/ibm/icu/impl/data/icudata/rbnf/he.res")
let impl_data_icudata_rbnf_hr_res:Array<Byte>=@res("../src/main/resources/com/ibm/icu/impl/data/icudata/rbnf/hr.res")
let impl_data_icudata_rbnf_pt_res:Array<Byte>=@res("../src/main/resources/com/ibm/icu/impl/data/icudata/rbnf/pt.res")
let impl_data_icudata_rbnf_kk_res:Array<Byte>=@res("../src/main/resources/com/ibm/icu/impl/data/icudata/rbnf/kk.res")
let impl_data_icudata_rbnf_it_res:Array<Byte>=@res("../src/main/resources/com/ibm/icu/impl/data/icudata/rbnf/it.res")
let impl_data_icudata_rbnf_de_res:Array<Byte>=@res("../src/main/resources/com/ibm/icu/impl/data/icudata/rbnf/de.res")
let impl_data_icudata_rbnf_sl_res:Array<Byte>=@res("../src/main/resources/com/ibm/icu/impl/data/icudata/rbnf/sl.res")
let impl_data_icudata_rbnf_root_res:Array<Byte>=@res("../src/main/resources/com/ibm/icu/impl/data/icudata/rbnf/root.res")
let impl_data_icudata_rbnf_zh_TW_res:Array<Byte>=@res("../src/main/resources/com/ibm/icu/impl/data/icudata/rbnf/zh_TW.res")
let impl_data_icudata_rbnf_sh_res:Array<Byte>=@res("../src/main/resources/com/ibm/icu/impl/data/icudata/rbnf/sh.res")
let impl_data_icudata_rbnf_da_res:Array<Byte>=@res("../src/main/resources/com/ibm/icu/impl/data/icudata/rbnf/da.res")
let impl_data_icudata_rbnf_ee_res:Array<Byte>=@res("../src/main/resources/com/ibm/icu/impl/data/icudata/rbnf/ee.res")
let impl_data_icudata_rbnf_fi_res:Array<Byte>=@res("../src/main/resources/com/ibm/icu/impl/data/icudata/rbnf/fi.res")
let impl_data_icudata_rbnf_ky_res:Array<Byte>=@res("../src/main/resources/com/ibm/icu/impl/data/icudata/rbnf/ky.res")
let impl_data_icudata_rbnf_hu_res:Array<Byte>=@res("../src/main/resources/com/ibm/icu/impl/data/icudata/rbnf/hu.res")
let impl_data_icudata_rbnf_ko_res:Array<Byte>=@res("../src/main/resources/com/ibm/icu/impl/data/icudata/rbnf/ko.res")
let impl_data_icudata_rbnf_es_res:Array<Byte>=@res("../src/main/resources/com/ibm/icu/impl/data/icudata/rbnf/es.res")
let impl_data_icudata_rbnf_ro_res:Array<Byte>=@res("../src/main/resources/com/ibm/icu/impl/data/icudata/rbnf/ro.res")
let impl_data_icudata_rbnf_sk_res:Array<Byte>=@res("../src/main/resources/com/ibm/icu/impl/data/icudata/rbnf/sk.res")
let impl_data_icudata_rbnf_km_res:Array<Byte>=@res("../src/main/resources/com/ibm/icu/impl/data/icudata/rbnf/km.res")
let impl_data_icudata_rbnf_kl_res:Array<Byte>=@res("../src/main/resources/com/ibm/icu/impl/data/icudata/rbnf/kl.res")
let impl_data_icudata_rbnf_fil_res:Array<Byte>=@res("../src/main/resources/com/ibm/icu/impl/data/icudata/rbnf/fil.res")
let impl_data_icudata_rbnf_is_res:Array<Byte>=@res("../src/main/resources/com/ibm/icu/impl/data/icudata/rbnf/is.res")
let impl_data_icudata_rbnf_id_res:Array<Byte>=@res("../src/main/resources/com/ibm/icu/impl/data/icudata/rbnf/id.res")
let impl_data_icudata_rbnf_qu_res:Array<Byte>=@res("../src/main/resources/com/ibm/icu/impl/data/icudata/rbnf/qu.res")
let impl_data_icudata_rbnf_fr_CH_res:Array<Byte>=@res("../src/main/resources/com/ibm/icu/impl/data/icudata/rbnf/fr_CH.res")
let impl_data_icudata_rbnf_zh_Hant_MO_res:Array<Byte>=@res("../src/main/resources/com/ibm/icu/impl/data/icudata/rbnf/zh_Hant_MO.res")
let impl_data_icudata_fr_TN_res:Array<Byte>=@res("../src/main/resources/com/ibm/icu/impl/data/icudata/fr_TN.res")
let impl_data_icudata_vmw_res:Array<Byte>=@res("../src/main/resources/com/ibm/icu/impl/data/icudata/vmw.res")
let impl_data_icudata_jmc_TZ_res:Array<Byte>=@res("../src/main/resources/com/ibm/icu/impl/data/icudata/jmc_TZ.res")
let impl_data_icudata_az_Cyrl_res:Array<Byte>=@res("../src/main/resources/com/ibm/icu/impl/data/icudata/az_Cyrl.res")
let impl_data_icudata_ro_MD_res:Array<Byte>=@res("../src/main/resources/com/ibm/icu/impl/data/icudata/ro_MD.res")
let impl_data_icudata_luy_KE_res:Array<Byte>=@res("../src/main/resources/com/ibm/icu/impl/data/icudata/luy_KE.res")
let impl_data_icudata_xog_res:Array<Byte>=@res("../src/main/resources/com/ibm/icu/impl/data/icudata/xog.res")
let impl_data_icudata_ar_IL_res:Array<Byte>=@res("../src/main/resources/com/ibm/icu/impl/data/icudata/ar_IL.res")
let impl_data_icudata_se_res:Array<Byte>=@res("../src/main/resources/com/ibm/icu/impl/data/icudata/se.res")
let impl_data_icudata_it_CH_res:Array<Byte>=@res("../src/main/resources/com/ibm/icu/impl/data/icudata/it_CH.res")
let impl_data_icudata_sr_res:Array<Byte>=@res("../src/main/resources/com/ibm/icu/impl/data/icudata/sr.res")
let impl_data_icudata_ff_Adlm_GN_res:Array<Byte>=@res("../src/main/resources/com/ibm/icu/impl/data/icudata/ff_Adlm_GN.res")
let impl_data_icudata_fr_ML_res:Array<Byte>=@res("../src/main/resources/com/ibm/icu/impl/data/icudata/fr_ML.res")
let impl_data_icudata_ne_IN_res:Array<Byte>=@res("../src/main/resources/com/ibm/icu/impl/data/icudata/ne_IN.res")
let impl_data_icudata_fr_CG_res:Array<Byte>=@res("../src/main/resources/com/ibm/icu/impl/data/icudata/fr_CG.res")
let impl_data_icudata_uz_AF_res:Array<Byte>=@res("../src/main/resources/com/ibm/icu/impl/data/icudata/uz_AF.res")
let impl_data_icudata_hsb_res:Array<Byte>=@res("../src/main/resources/com/ibm/icu/impl/data/icudata/hsb.res")
let impl_data_icudata_bm_ML_res:Array<Byte>=@res("../src/main/resources/com/ibm/icu/impl/data/icudata/bm_ML.res")
let impl_data_icudata_guz_res:Array<Byte>=@res("../src/main/resources/com/ibm/icu/impl/data/icudata/guz.res")
let impl_data_icudata_ur_PK_res:Array<Byte>=@res("../src/main/resources/com/ibm/icu/impl/data/icudata/ur_PK.res")
let impl_data_icudata_pt_MZ_res:Array<Byte>=@res("../src/main/resources/com/ibm/icu/impl/data/icudata/pt_MZ.res")
let impl_data_icudata_hu_HU_res:Array<Byte>=@res("../src/main/resources/com/ibm/icu/impl/data/icudata/hu_HU.res")
let impl_data_icudata_bs_Cyrl_BA_res:Array<Byte>=@res("../src/main/resources/com/ibm/icu/impl/data/icudata/bs_Cyrl_BA.res")
let impl_data_icudata_en_NR_res:Array<Byte>=@res("../src/main/resources/com/ibm/icu/impl/data/icudata/en_NR.res")
let impl_data_icudata_en_ZW_res:Array<Byte>=@res("../src/main/resources/com/ibm/icu/impl/data/icudata/en_ZW.res")
let impl_data_icudata_vai_Latn_res:Array<Byte>=@res("../src/main/resources/com/ibm/icu/impl/data/icudata/vai_Latn.res")
let impl_data_icudata_en_VC_res:Array<Byte>=@res("../src/main/resources/com/ibm/icu/impl/data/icudata/en_VC.res")
let impl_data_icudata_ig_NG_res:Array<Byte>=@res("../src/main/resources/com/ibm/icu/impl/data/icudata/ig_NG.res")
let impl_data_icudata_en_TK_res:Array<Byte>=@res("../src/main/resources/com/ibm/icu/impl/data/icudata/en_TK.res")
let impl_data_icudata_kxv_IN_res:Array<Byte>=@res("../src/main/resources/com/ibm/icu/impl/data/icudata/kxv_IN.res")
let impl_data_icudata_pcm_res:Array<Byte>=@res("../src/main/resources/com/ibm/icu/impl/data/icudata/pcm.res")
let impl_data_icudata_ff_Latn_CM_res:Array<Byte>=@res("../src/main/resources/com/ibm/icu/impl/data/icudata/ff_Latn_CM.res")
let impl_data_icudata_zh_MO_res:Array<Byte>=@res("../src/main/resources/com/ibm/icu/impl/data/icudata/zh_MO.res")
let impl_data_icudata_en_VG_res:Array<Byte>=@res("../src/main/resources/com/ibm/icu/impl/data/icudata/en_VG.res")
let impl_data_icudata_en_TO_res:Array<Byte>=@res("../src/main/resources/com/ibm/icu/impl/data/icudata/en_TO.res")
let impl_data_icudata_yi_UA_res:Array<Byte>=@res("../src/main/resources/com/ibm/icu/impl/data/icudata/yi_UA.res")
let impl_data_icudata_en_NA_res:Array<Byte>=@res("../src/main/resources/com/ibm/icu/impl/data/icudata/en_NA.res")
let impl_data_icudata_ru_MD_res:Array<Byte>=@res("../src/main/resources/com/ibm/icu/impl/data/icudata/ru_MD.res")
let impl_data_icudata_ebu_res:Array<Byte>=@res("../src/main/resources/com/ibm/icu/impl/data/icudata/ebu.res")
let impl_data_icudata_en_BB_res:Array<Byte>=@res("../src/main/resources/com/ibm/icu/impl/data/icudata/en_BB.res")
let impl_data_icudata_mer_KE_res:Array<Byte>=@res("../src/main/resources/com/ibm/icu/impl/data/icudata/mer_KE.res")
let impl_data_icudata_dav_KE_res:Array<Byte>=@res("../src/main/resources/com/ibm/icu/impl/data/icudata/dav_KE.res")
let impl_data_icudata_mg_MG_res:Array<Byte>=@res("../src/main/resources/com/ibm/icu/impl/data/icudata/mg_MG.res")
let impl_data_icudata_nfc_nrm:Array<Byte>=@res("../src/main/resources/com/ibm/icu/impl/data/icudata/nfc.nrm")
let impl_data_icudata_luo_KE_res:Array<Byte>=@res("../src/main/resources/com/ibm/icu/impl/data/icudata/luo_KE.res")
let impl_data_icudata_pa_Guru_res:Array<Byte>=@res("../src/main/resources/com/ibm/icu/impl/data/icudata/pa_Guru.res")
let impl_data_icudata_hsb_DE_res:Array<Byte>=@res("../src/main/resources/com/ibm/icu/impl/data/icudata/hsb_DE.res")
let impl_data_icudata_sa_res:Array<Byte>=@res("../src/main/resources/com/ibm/icu/impl/data/icudata/sa.res")
let impl_data_icudata_am_ET_res:Array<Byte>=@res("../src/main/resources/com/ibm/icu/impl/data/icudata/am_ET.res")
let impl_data_icudata_kn_IN_res:Array<Byte>=@res("../src/main/resources/com/ibm/icu/impl/data/icudata/kn_IN.res")
let impl_data_icudata_sv_res:Array<Byte>=@res("../src/main/resources/com/ibm/icu/impl/data/icudata/sv.res")
let impl_data_icudata_gd_res:Array<Byte>=@res("../src/main/resources/com/ibm/icu/impl/data/icudata/gd.res")
let impl_data_icudata_el_res:Array<Byte>=@res("../src/main/resources/com/ibm/icu/impl/data/icudata/el.res")
let impl_data_icudata_ar_KW_res:Array<Byte>=@res("../src/main/resources/com/ibm/icu/impl/data/icudata/ar_KW.res")
let impl_data_icudata_fur_IT_res:Array<Byte>=@res("../src/main/resources/com/ibm/icu/impl/data/icudata/fur_IT.res")
let impl_data_icudata_no_NO_res:Array<Byte>=@res("../src/main/resources/com/ibm/icu/impl/data/icudata/no_NO.res")
let impl_data_icudata_es_BO_res:Array<Byte>=@res("../src/main/resources/com/ibm/icu/impl/data/icudata/es_BO.res")
let impl_data_icudata_fr_WF_res:Array<Byte>=@res("../src/main/resources/com/ibm/icu/impl/data/icudata/fr_WF.res")
let impl_data_icudata_fr_VU_res:Array<Byte>=@res("../src/main/resources/com/ibm/icu/impl/data/icudata/fr_VU.res")
let impl_data_icudata_ha_GH_res:Array<Byte>=@res("../src/main/resources/com/ibm/icu/impl/data/icudata/ha_GH.res")
let impl_data_icudata_windowsZones_res:Array<Byte>=@res("../src/main/resources/com/ibm/icu/impl/data/icudata/windowsZones.res")
let impl_data_icudata_in_res:Array<Byte>=@res("../src/main/resources/com/ibm/icu/impl/data/icudata/in.res")
let impl_data_icudata_de_AT_res:Array<Byte>=@res("../src/main/resources/com/ibm/icu/impl/data/icudata/de_AT.res")
let impl_data_icudata_ln_CD_res:Array<Byte>=@res("../src/main/resources/com/ibm/icu/impl/data/icudata/ln_CD.res")
let impl_data_icudata_ff_Adlm_SN_res:Array<Byte>=@res("../src/main/resources/com/ibm/icu/impl/data/icudata/ff_Adlm_SN.res")
let impl_data_icudata_fa_res:Array<Byte>=@res("../src/main/resources/com/ibm/icu/impl/data/icudata/fa.res")
let impl_data_icudata_ee_TG_res:Array<Byte>=@res("../src/main/resources/com/ibm/icu/impl/data/icudata/ee_TG.res")
let impl_data_icudata_pl_res:Array<Byte>=@res("../src/main/resources/com/ibm/icu/impl/data/icudata/pl.res")
let impl_data_icudata_sw_res:Array<Byte>=@res("../src/main/resources/com/ibm/icu/impl/data/icudata/sw.res")
let impl_data_icudata_da_DK_res:Array<Byte>=@res("../src/main/resources/com/ibm/icu/impl/data/icudata/da_DK.res")
let impl_data_icudata_fr_NE_res:Array<Byte>=@res("../src/main/resources/com/ibm/icu/impl/data/icudata/fr_NE.res")
let impl_data_icudata_yue_Hans_res:Array<Byte>=@res("../src/main/resources/com/ibm/icu/impl/data/icudata/yue_Hans.res")
let impl_data_icudata_mni_res:Array<Byte>=@res("../src/main/resources/com/ibm/icu/impl/data/icudata/mni.res")
let impl_data_icudata_fr_BF_res:Array<Byte>=@res("../src/main/resources/com/ibm/icu/impl/data/icudata/fr_BF.res")
let impl_data_icudata_lij_IT_res:Array<Byte>=@res("../src/main/resources/com/ibm/icu/impl/data/icudata/lij_IT.res")
let impl_data_icudata_fy_NL_res:Array<Byte>=@res("../src/main/resources/com/ibm/icu/impl/data/icudata/fy_NL.res")
let impl_data_icudata_cv_RU_res:Array<Byte>=@res("../src/main/resources/com/ibm/icu/impl/data/icudata/cv_RU.res")
let impl_data_icudata_kok_res:Array<Byte>=@res("../src/main/resources/com/ibm/icu/impl/data/icudata/kok.res")
let impl_data_icudata_uts46_nrm:Array<Byte>=@res("../src/main/resources/com/ibm/icu/impl/data/icudata/uts46.nrm")
let impl_data_icudata_tg_TJ_res:Array<Byte>=@res("../src/main/resources/com/ibm/icu/impl/data/icudata/tg_TJ.res")
let impl_data_icudata_pa_PK_res:Array<Byte>=@res("../src/main/resources/com/ibm/icu/impl/data/icudata/pa_PK.res")
let impl_data_icudata_ru_UA_res:Array<Byte>=@res("../src/main/resources/com/ibm/icu/impl/data/icudata/ru_UA.res")
let impl_data_icudata_genderList_res:Array<Byte>=@res("../src/main/resources/com/ibm/icu/impl/data/icudata/genderList.res")
let impl_data_icudata_currencyNumericCodes_res:Array<Byte>=@res("../src/main/resources/com/ibm/icu/impl/data/icudata/currencyNumericCodes.res")
let impl_data_icudata_ff_Latn_MR_res:Array<Byte>=@res("../src/main/resources/com/ibm/icu/impl/data/icudata/ff_Latn_MR.res")
let impl_data_icudata_ks_Arab_IN_res:Array<Byte>=@res("../src/main/resources/com/ibm/icu/impl/data/icudata/ks_Arab_IN.res")
let impl_data_icudata_sd_Deva_IN_res:Array<Byte>=@res("../src/main/resources/com/ibm/icu/impl/data/icudata/sd_Deva_IN.res")
let impl_data_icudata_ur_IN_res:Array<Byte>=@res("../src/main/resources/com/ibm/icu/impl/data/icudata/ur_IN.res")
let impl_data_icudata_zh_Hans_MY_res:Array<Byte>=@res("../src/main/resources/com/ibm/icu/impl/data/icudata/zh_Hans_MY.res")
let impl_data_icudata_bn_IN_res:Array<Byte>=@res("../src/main/resources/com/ibm/icu/impl/data/icudata/bn_IN.res")
let impl_data_icudata_nd_ZW_res:Array<Byte>=@res("../src/main/resources/com/ibm/icu/impl/data/icudata/nd_ZW.res")
let impl_data_icudata_pt_CV_res:Array<Byte>=@res("../src/main/resources/com/ibm/icu/impl/data/icudata/pt_CV.res")
let impl_data_icudata_sbp_TZ_res:Array<Byte>=@res("../src/main/resources/com/ibm/icu/impl/data/icudata/sbp_TZ.res")
let impl_data_icudata_pt_BR_res:Array<Byte>=@res("../src/main/resources/com/ibm/icu/impl/data/icudata/pt_BR.res")
let impl_data_icudata_en_MY_res:Array<Byte>=@res("../src/main/resources/com/ibm/icu/impl/data/icudata/en_MY.res")
let impl_data_icudata_en_NU_res:Array<Byte>=@res("../src/main/resources/com/ibm/icu/impl/data/icudata/en_NU.res")
let impl_data_icudata_kab_res:Array<Byte>=@res("../src/main/resources/com/ibm/icu/impl/data/icudata/kab.res")
let impl_data_icudata_lg_UG_res:Array<Byte>=@res("../src/main/resources/com/ibm/icu/impl/data/icudata/lg_UG.res")
let impl_data_icudata_mi_NZ_res:Array<Byte>=@res("../src/main/resources/com/ibm/icu/impl/data/icudata/mi_NZ.res")
let impl_data_icudata_seh_res:Array<Byte>=@res("../src/main/resources/com/ibm/icu/impl/data/icudata/seh.res")
let impl_data_icudata_mas_res:Array<Byte>=@res("../src/main/resources/com/ibm/icu/impl/data/icudata/mas.res")
let impl_data_icudata_sh_CS_res:Array<Byte>=@res("../src/main/resources/com/ibm/icu/impl/data/icudata/sh_CS.res")
let impl_data_icudata_su_res:Array<Byte>=@res("../src/main/resources/com/ibm/icu/impl/data/icudata/su.res")
let impl_data_icudata_kln_KE_res:Array<Byte>=@res("../src/main/resources/com/ibm/icu/impl/data/icudata/kln_KE.res")
let impl_data_icudata_ff_Adlm_SL_res:Array<Byte>=@res("../src/main/resources/com/ibm/icu/impl/data/icudata/ff_Adlm_SL.res")
let impl_data_icudata_mua_res:Array<Byte>=@res("../src/main/resources/com/ibm/icu/impl/data/icudata/mua.res")
let impl_data_icudata_eo_res:Array<Byte>=@res("../src/main/resources/com/ibm/icu/impl/data/icudata/eo.res")
let impl_data_icudata_ln_CF_res:Array<Byte>=@res("../src/main/resources/com/ibm/icu/impl/data/icudata/ln_CF.res")
let impl_data_icudata_os_RU_res:Array<Byte>=@res("../src/main/resources/com/ibm/icu/impl/data/icudata/os_RU.res")
let impl_data_icudata_mzn_res:Array<Byte>=@res("../src/main/resources/com/ibm/icu/impl/data/icudata/mzn.res")
let impl_data_icudata_ks_res:Array<Byte>=@res("../src/main/resources/com/ibm/icu/impl/data/icudata/ks.res")
let impl_data_icudata_ar_EH_res:Array<Byte>=@res("../src/main/resources/com/ibm/icu/impl/data/icudata/ar_EH.res")
let impl_data_icudata_jv_res:Array<Byte>=@res("../src/main/resources/com/ibm/icu/impl/data/icudata/jv.res")
let impl_data_icudata_ln_AO_res:Array<Byte>=@res("../src/main/resources/com/ibm/icu/impl/data/icudata/ln_AO.res")
let impl_data_icudata_sr_Cyrl_XK_res:Array<Byte>=@res("../src/main/resources/com/ibm/icu/impl/data/icudata/sr_Cyrl_XK.res")
let impl_data_icudata_de_CH_res:Array<Byte>=@res("../src/main/resources/com/ibm/icu/impl/data/icudata/de_CH.res")
let impl_data_icudata_es_BZ_res:Array<Byte>=@res("../src/main/resources/com/ibm/icu/impl/data/icudata/es_BZ.res")
let impl_data_icudata_hi_res:Array<Byte>=@res("../src/main/resources/com/ibm/icu/impl/data/icudata/hi.res")
let impl_data_icudata_ja_res:Array<Byte>=@res("../src/main/resources/com/ibm/icu/impl/data/icudata/ja.res")
let impl_data_icudata_ar_DZ_res:Array<Byte>=@res("../src/main/resources/com/ibm/icu/impl/data/icudata/ar_DZ.res")
let impl_data_icudata_ln_CG_res:Array<Byte>=@res("../src/main/resources/com/ibm/icu/impl/data/icudata/ln_CG.res")
let impl_data_icudata_tzm_res:Array<Byte>=@res("../src/main/resources/com/ibm/icu/impl/data/icudata/tzm.res")
let impl_data_icudata_en_res:Array<Byte>=@res("../src/main/resources/com/ibm/icu/impl/data/icudata/en.res")
let impl_data_icudata_dje_NE_res:Array<Byte>=@res("../src/main/resources/com/ibm/icu/impl/data/icudata/dje_NE.res")
let impl_data_icudata_xnr_res:Array<Byte>=@res("../src/main/resources/com/ibm/icu/impl/data/icudata/xnr.res")
let impl_data_icudata_sh_BA_res:Array<Byte>=@res("../src/main/resources/com/ibm/icu/impl/data/icudata/sh_BA.res")
let impl_data_icudata_pa_Guru_IN_res:Array<Byte>=@res("../src/main/resources/com/ibm/icu/impl/data/icudata/pa_Guru_IN.res")
let impl_data_icudata_st_res:Array<Byte>=@res("../src/main/resources/com/ibm/icu/impl/data/icudata/st.res")
let impl_data_icudata_ff_Adlm_GH_res:Array<Byte>=@res("../src/main/resources/com/ibm/icu/impl/data/icudata/ff_Adlm_GH.res")
let impl_data_icudata_sc_res:Array<Byte>=@res("../src/main/resources/com/ibm/icu/impl/data/icudata/sc.res")
let impl_data_icudata_ar_SS_res:Array<Byte>=@res("../src/main/resources/com/ibm/icu/impl/data/icudata/ar_SS.res")
let impl_data_icudata_kea_CV_res:Array<Byte>=@res("../src/main/resources/com/ibm/icu/impl/data/icudata/kea_CV.res")
let impl_data_icudata_fr_BE_res:Array<Byte>=@res("../src/main/resources/com/ibm/icu/impl/data/icudata/fr_BE.res")
let impl_data_icudata_es_US_res:Array<Byte>=@res("../src/main/resources/com/ibm/icu/impl/data/icudata/es_US.res")
let impl_data_icudata_fr_CA_res:Array<Byte>=@res("../src/main/resources/com/ibm/icu/impl/data/icudata/fr_CA.res")
let impl_data_icudata_ar_SD_res:Array<Byte>=@res("../src/main/resources/com/ibm/icu/impl/data/icudata/ar_SD.res")
let impl_data_icudata_en_BW_res:Array<Byte>=@res("../src/main/resources/com/ibm/icu/impl/data/icudata/en_BW.res")
let impl_data_icudata_sr_XK_res:Array<Byte>=@res("../src/main/resources/com/ibm/icu/impl/data/icudata/sr_XK.res")
let impl_data_icudata_sv_FI_res:Array<Byte>=@res("../src/main/resources/com/ibm/icu/impl/data/icudata/sv_FI.res")
let impl_data_icudata_en_MO_res:Array<Byte>=@res("../src/main/resources/com/ibm/icu/impl/data/icudata/en_MO.res")
let impl_data_icudata_mni_Beng_IN_res:Array<Byte>=@res("../src/main/resources/com/ibm/icu/impl/data/icudata/mni_Beng_IN.res")
let impl_data_icudata_zh_Hans_MO_res:Array<Byte>=@res("../src/main/resources/com/ibm/icu/impl/data/icudata/zh_Hans_MO.res")
let impl_data_icudata_kxv_res:Array<Byte>=@res("../src/main/resources/com/ibm/icu/impl/data/icudata/kxv.res")
let impl_data_icudata_icustd_res:Array<Byte>=@res("../src/main/resources/com/ibm/icu/impl/data/icudata/icustd.res")
let impl_data_icudata_kxv_Orya_res:Array<Byte>=@res("../src/main/resources/com/ibm/icu/impl/data/icudata/kxv_Orya.res")
let impl_data_icudata_gl_ES_res:Array<Byte>=@res("../src/main/resources/com/ibm/icu/impl/data/icudata/gl_ES.res")
let impl_data_icudata_en_TZ_res:Array<Byte>=@res("../src/main/resources/com/ibm/icu/impl/data/icudata/en_TZ.res")
let impl_data_icudata_ff_Latn_GW_res:Array<Byte>=@res("../src/main/resources/com/ibm/icu/impl/data/icudata/ff_Latn_GW.res")
let impl_data_icudata_tr_CY_res:Array<Byte>=@res("../src/main/resources/com/ibm/icu/impl/data/icudata/tr_CY.res")
let impl_data_icudata_wo_SN_res:Array<Byte>=@res("../src/main/resources/com/ibm/icu/impl/data/icudata/wo_SN.res")
let impl_data_icudata_en_DG_res:Array<Byte>=@res("../src/main/resources/com/ibm/icu/impl/data/icudata/en_DG.res")
let impl_data_icudata_nl_CW_res:Array<Byte>=@res("../src/main/resources/com/ibm/icu/impl/data/icudata/nl_CW.res")
let impl_data_icudata_saq_res:Array<Byte>=@res("../src/main/resources/com/ibm/icu/impl/data/icudata/saq.res")
let impl_data_icudata_fr_GN_res:Array<Byte>=@res("../src/main/resources/com/ibm/icu/impl/data/icudata/fr_GN.res")
let impl_data_icudata_fr_KM_res:Array<Byte>=@res("../src/main/resources/com/ibm/icu/impl/data/icudata/fr_KM.res")
let impl_data_icudata_chr_US_res:Array<Byte>=@res("../src/main/resources/com/ibm/icu/impl/data/icudata/chr_US.res")
let impl_data_icudata_ar_MR_res:Array<Byte>=@res("../src/main/resources/com/ibm/icu/impl/data/icudata/ar_MR.res")
let impl_data_icudata_bm_res:Array<Byte>=@res("../src/main/resources/com/ibm/icu/impl/data/icudata/bm.res")
let impl_data_icudata_kok_Latn_IN_res:Array<Byte>=@res("../src/main/resources/com/ibm/icu/impl/data/icudata/kok_Latn_IN.res")
let impl_data_icudata_bs_Latn_BA_res:Array<Byte>=@res("../src/main/resources/com/ibm/icu/impl/data/icudata/bs_Latn_BA.res")
let impl_data_icudata_szl_res:Array<Byte>=@res("../src/main/resources/com/ibm/icu/impl/data/icudata/szl.res")
let impl_data_icudata_ar_OM_res:Array<Byte>=@res("../src/main/resources/com/ibm/icu/impl/data/icudata/ar_OM.res")
let impl_data_icudata_nn_res:Array<Byte>=@res("../src/main/resources/com/ibm/icu/impl/data/icudata/nn.res")
let impl_data_icudata_es_GQ_res:Array<Byte>=@res("../src/main/resources/com/ibm/icu/impl/data/icudata/es_GQ.res")
let impl_data_icudata_kam_KE_res:Array<Byte>=@res("../src/main/resources/com/ibm/icu/impl/data/icudata/kam_KE.res")
let impl_data_icudata_lg_res:Array<Byte>=@res("../src/main/resources/com/ibm/icu/impl/data/icudata/lg.res")
let impl_data_icudata_fr_PF_res:Array<Byte>=@res("../src/main/resources/com/ibm/icu/impl/data/icudata/fr_PF.res")
let impl_data_icudata_ie_EE_res:Array<Byte>=@res("../src/main/resources/com/ibm/icu/impl/data/icudata/ie_EE.res")
let impl_data_icudata_yue_HK_res:Array<Byte>=@res("../src/main/resources/com/ibm/icu/impl/data/icudata/yue_HK.res")
let impl_data_icudata_no_res:Array<Byte>=@res("../src/main/resources/com/ibm/icu/impl/data/icudata/no.res")
let impl_data_icudata_mt_res:Array<Byte>=@res("../src/main/resources/com/ibm/icu/impl/data/icudata/mt.res")
let impl_data_icudata_prg_PL_res:Array<Byte>=@res("../src/main/resources/com/ibm/icu/impl/data/icudata/prg_PL.res")
let impl_data_icudata_ta_res:Array<Byte>=@res("../src/main/resources/com/ibm/icu/impl/data/icudata/ta.res")
let impl_data_icudata_hy_AM_res:Array<Byte>=@res("../src/main/resources/com/ibm/icu/impl/data/icudata/hy_AM.res")
let impl_data_icudata_vi_res:Array<Byte>=@res("../src/main/resources/com/ibm/icu/impl/data/icudata/vi.res")
let impl_data_icudata_ur_res:Array<Byte>=@res("../src/main/resources/com/ibm/icu/impl/data/icudata/ur.res")
let impl_data_icudata_nl_BE_res:Array<Byte>=@res("../src/main/resources/com/ibm/icu/impl/data/icudata/nl_BE.res")
let impl_data_icudata_es_PY_res:Array<Byte>=@res("../src/main/resources/com/ibm/icu/impl/data/icudata/es_PY.res")
let impl_data_icudata_hi_Latn_res:Array<Byte>=@res("../src/main/resources/com/ibm/icu/impl/data/icudata/hi_Latn.res")
let impl_data_icudata_qu_BO_res:Array<Byte>=@res("../src/main/resources/com/ibm/icu/impl/data/icudata/qu_BO.res")
let impl_data_icudata_sn_ZW_res:Array<Byte>=@res("../src/main/resources/com/ibm/icu/impl/data/icudata/sn_ZW.res")
let impl_data_icudata_nus_res:Array<Byte>=@res("../src/main/resources/com/ibm/icu/impl/data/icudata/nus.res")
let impl_data_icudata_sd_Arab_res:Array<Byte>=@res("../src/main/resources/com/ibm/icu/impl/data/icudata/sd_Arab.res")
let impl_data_icudata_ga_GB_res:Array<Byte>=@res("../src/main/resources/com/ibm/icu/impl/data/icudata/ga_GB.res")
let impl_data_icudata_asa_TZ_res:Array<Byte>=@res("../src/main/resources/com/ibm/icu/impl/data/icudata/asa_TZ.res")
let impl_data_icudata_ti_ET_res:Array<Byte>=@res("../src/main/resources/com/ibm/icu/impl/data/icudata/ti_ET.res")
let impl_data_icudata_en_KI_res:Array<Byte>=@res("../src/main/resources/com/ibm/icu/impl/data/icudata/en_KI.res")
let impl_data_icudata_en_JM_res:Array<Byte>=@res("../src/main/resources/com/ibm/icu/impl/data/icudata/en_JM.res")
let impl_data_icudata_oc_FR_res:Array<Byte>=@res("../src/main/resources/com/ibm/icu/impl/data/icudata/oc_FR.res")
let impl_data_icudata_en_SX_res:Array<Byte>=@res("../src/main/resources/com/ibm/icu/impl/data/icudata/en_SX.res")
let impl_data_icudata_ff_GN_res:Array<Byte>=@res("../src/main/resources/com/ibm/icu/impl/data/icudata/ff_GN.res")
let impl_data_icudata_keyTypeData_res:Array<Byte>=@res("../src/main/resources/com/ibm/icu/impl/data/icudata/keyTypeData.res")
let impl_data_icudata_en_PT_res:Array<Byte>=@res("../src/main/resources/com/ibm/icu/impl/data/icudata/en_PT.res")
let impl_data_icudata_ru_RU_res:Array<Byte>=@res("../src/main/resources/com/ibm/icu/impl/data/icudata/ru_RU.res")
let impl_data_icudata_ksb_res:Array<Byte>=@res("../src/main/resources/com/ibm/icu/impl/data/icudata/ksb.res")
let impl_data_icudata_zh_Hant_res:Array<Byte>=@res("../src/main/resources/com/ibm/icu/impl/data/icudata/zh_Hant.res")
let impl_data_icudata_dsb_DE_res:Array<Byte>=@res("../src/main/resources/com/ibm/icu/impl/data/icudata/dsb_DE.res")
let impl_data_icudata_en_SZ_res:Array<Byte>=@res("../src/main/resources/com/ibm/icu/impl/data/icudata/en_SZ.res")
let impl_data_icudata_sr_Latn_CS_res:Array<Byte>=@res("../src/main/resources/com/ibm/icu/impl/data/icudata/sr_Latn_CS.res")
let impl_data_icudata_en_IT_res:Array<Byte>=@res("../src/main/resources/com/ibm/icu/impl/data/icudata/en_IT.res")
let impl_data_icudata_pa_Arab_PK_res:Array<Byte>=@res("../src/main/resources/com/ibm/icu/impl/data/icudata/pa_Arab_PK.res")
let impl_data_icudata_en_GH_res:Array<Byte>=@res("../src/main/resources/com/ibm/icu/impl/data/icudata/en_GH.res")
let impl_data_icudata_om_KE_res:Array<Byte>=@res("../src/main/resources/com/ibm/icu/impl/data/icudata/om_KE.res")
let impl_data_icudata_ia_001_res:Array<Byte>=@res("../src/main/resources/com/ibm/icu/impl/data/icudata/ia_001.res")
let impl_data_icudata_kgp_res:Array<Byte>=@res("../src/main/resources/com/ibm/icu/impl/data/icudata/kgp.res")
let impl_data_icudata_ff_Latn_res:Array<Byte>=@res("../src/main/resources/com/ibm/icu/impl/data/icudata/ff_Latn.res")
let impl_data_icudata_pa_Arab_res:Array<Byte>=@res("../src/main/resources/com/ibm/icu/impl/data/icudata/pa_Arab.res")
let impl_data_icudata_bs_BA_res:Array<Byte>=@res("../src/main/resources/com/ibm/icu/impl/data/icudata/bs_BA.res")
let impl_data_icudata_zh_res:Array<Byte>=@res("../src/main/resources/com/ibm/icu/impl/data/icudata/zh.res")
let impl_data_icudata_sa_IN_res:Array<Byte>=@res("../src/main/resources/com/ibm/icu/impl/data/icudata/sa_IN.res")
let impl_data_icudata_ar_TD_res:Array<Byte>=@res("../src/main/resources/com/ibm/icu/impl/data/icudata/ar_TD.res")
let impl_data_icudata_tt_res:Array<Byte>=@res("../src/main/resources/com/ibm/icu/impl/data/icudata/tt.res")
let impl_data_icudata_mfe_res:Array<Byte>=@res("../src/main/resources/com/ibm/icu/impl/data/icudata/mfe.res")
let impl_data_icudata_wo_res:Array<Byte>=@res("../src/main/resources/com/ibm/icu/impl/data/icudata/wo.res")
let impl_data_icudata_mua_CM_res:Array<Byte>=@res("../src/main/resources/com/ibm/icu/impl/data/icudata/mua_CM.res")
let impl_data_icudata_ug_res:Array<Byte>=@res("../src/main/resources/com/ibm/icu/impl/data/icudata/ug.res")
let impl_data_icudata_bn_res:Array<Byte>=@res("../src/main/resources/com/ibm/icu/impl/data/icudata/bn.res")
let impl_data_icudata_ar_LB_res:Array<Byte>=@res("../src/main/resources/com/ibm/icu/impl/data/icudata/ar_LB.res")
let impl_data_icudata_ta_MY_res:Array<Byte>=@res("../src/main/resources/com/ibm/icu/impl/data/icudata/ta_MY.res")
let impl_data_icudata_ca_IT_res:Array<Byte>=@res("../src/main/resources/com/ibm/icu/impl/data/icudata/ca_IT.res")
let impl_data_icudata_uz_Cyrl_res:Array<Byte>=@res("../src/main/resources/com/ibm/icu/impl/data/icudata/uz_Cyrl.res")
let impl_data_icudata_zone_sr_BA_res:Array<Byte>=@res("../src/main/resources/com/ibm/icu/impl/data/icudata/zone/sr_BA.res")
let impl_data_icudata_zone_brx_res:Array<Byte>=@res("../src/main/resources/com/ibm/icu/impl/data/icudata/zone/brx.res")
let impl_data_icudata_zone_lij_res:Array<Byte>=@res("../src/main/resources/com/ibm/icu/impl/data/icudata/zone/lij.res")
let impl_data_icudata_zone_en_NG_res:Array<Byte>=@res("../src/main/resources/com/ibm/icu/impl/data/icudata/zone/en_NG.res")
let impl_data_icudata_zone_kxv_Latn_IN_res:Array<Byte>=@res("../src/main/resources/com/ibm/icu/impl/data/icudata/zone/kxv_Latn_IN.res")
let impl_data_icudata_zone_zh_Hant_TW_res:Array<Byte>=@res("../src/main/resources/com/ibm/icu/impl/data/icudata/zone/zh_Hant_TW.res")
let impl_data_icudata_zone_en_BS_res:Array<Byte>=@res("../src/main/resources/com/ibm/icu/impl/data/icudata/zone/en_BS.res")
let impl_data_icudata_zone_pa_IN_res:Array<Byte>=@res("../src/main/resources/com/ibm/icu/impl/data/icudata/zone/pa_IN.res")
let impl_data_icudata_zone_pt_MO_res:Array<Byte>=@res("../src/main/resources/com/ibm/icu/impl/data/icudata/zone/pt_MO.res")
let impl_data_icudata_zone_yue_Hant_res:Array<Byte>=@res("../src/main/resources/com/ibm/icu/impl/data/icudata/zone/yue_Hant.res")
let impl_data_icudata_zone_sg_res:Array<Byte>=@res("../src/main/resources/com/ibm/icu/impl/data/icudata/zone/sg.res")
let impl_data_icudata_zone_sr_Cyrl_BA_res:Array<Byte>=@res("../src/main/resources/com/ibm/icu/impl/data/icudata/zone/sr_Cyrl_BA.res")
let impl_data_icudata_zone_gu_res:Array<Byte>=@res("../src/main/resources/com/ibm/icu/impl/data/icudata/zone/gu.res")
let impl_data_icudata_zone_yue_CN_res:Array<Byte>=@res("../src/main/resources/com/ibm/icu/impl/data/icudata/zone/yue_CN.res")
let impl_data_icudata_zone_ff_res:Array<Byte>=@res("../src/main/resources/com/ibm/icu/impl/data/icudata/zone/ff.res")
let impl_data_icudata_zone_ii_res:Array<Byte>=@res("../src/main/resources/com/ibm/icu/impl/data/icudata/zone/ii.res")
let impl_data_icudata_zone_es_AR_res:Array<Byte>=@res("../src/main/resources/com/ibm/icu/impl/data/icudata/zone/es_AR.res")
let impl_data_icudata_zone_ka_res:Array<Byte>=@res("../src/main/resources/com/ibm/icu/impl/data/icudata/zone/ka.res")
let impl_data_icudata_zone_es_CL_res:Array<Byte>=@res("../src/main/resources/com/ibm/icu/impl/data/icudata/zone/es_CL.res")
let impl_data_icudata_zone_kw_res:Array<Byte>=@res("../src/main/resources/com/ibm/icu/impl/data/icudata/zone/kw.res")
let impl_data_icudata_zone_pool_res:Array<Byte>=@res("../src/main/resources/com/ibm/icu/impl/data/icudata/zone/pool.res")
let impl_data_icudata_zone_ru_res:Array<Byte>=@res("../src/main/resources/com/ibm/icu/impl/data/icudata/zone/ru.res")
let impl_data_icudata_zone_shi_MA_res:Array<Byte>=@res("../src/main/resources/com/ibm/icu/impl/data/icudata/zone/shi_MA.res")
let impl_data_icudata_zone_sr_Cyrl_CS_res:Array<Byte>=@res("../src/main/resources/com/ibm/icu/impl/data/icudata/zone/sr_Cyrl_CS.res")
let impl_data_icudata_zone_sq_res:Array<Byte>=@res("../src/main/resources/com/ibm/icu/impl/data/icudata/zone/sq.res")
let impl_data_icudata_zone_ar_SA_res:Array<Byte>=@res("../src/main/resources/com/ibm/icu/impl/data/icudata/zone/ar_SA.res")
let impl_data_icudata_zone_ccp_res:Array<Byte>=@res("../src/main/resources/com/ibm/icu/impl/data/icudata/zone/ccp.res")
let impl_data_icudata_zone_en_BE_res:Array<Byte>=@res("../src/main/resources/com/ibm/icu/impl/data/icudata/zone/en_BE.res")
let impl_data_icudata_zone_en_CA_res:Array<Byte>=@res("../src/main/resources/com/ibm/icu/impl/data/icudata/zone/en_CA.res")
let impl_data_icudata_zone_en_AI_res:Array<Byte>=@res("../src/main/resources/com/ibm/icu/impl/data/icudata/zone/en_AI.res")
let impl_data_icudata_zone_en_NF_res:Array<Byte>=@res("../src/main/resources/com/ibm/icu/impl/data/icudata/zone/en_NF.res")
let impl_data_icudata_zone_lkt_res:Array<Byte>=@res("../src/main/resources/com/ibm/icu/impl/data/icudata/zone/lkt.res")
let impl_data_icudata_zone_nqo_res:Array<Byte>=@res("../src/main/resources/com/ibm/icu/impl/data/icudata/zone/nqo.res")
let impl_data_icudata_zone_sr_CS_res:Array<Byte>=@res("../src/main/resources/com/ibm/icu/impl/data/icudata/zone/sr_CS.res")
let impl_data_icudata_zone_pt_TL_res:Array<Byte>=@res("../src/main/resources/com/ibm/icu/impl/data/icudata/zone/pt_TL.res")
let impl_data_icudata_zone_en_WS_res:Array<Byte>=@res("../src/main/resources/com/ibm/icu/impl/data/icudata/zone/en_WS.res")
let impl_data_icudata_zone_en_VU_res:Array<Byte>=@res("../src/main/resources/com/ibm/icu/impl/data/icudata/zone/en_VU.res")
let impl_data_icudata_zone_lrc_res:Array<Byte>=@res("../src/main/resources/com/ibm/icu/impl/data/icudata/zone/lrc.res")
let impl_data_icudata_zone_rwk_res:Array<Byte>=@res("../src/main/resources/com/ibm/icu/impl/data/icudata/zone/rwk.res")
let impl_data_icudata_zone_en_ZA_res:Array<Byte>=@res("../src/main/resources/com/ibm/icu/impl/data/icudata/zone/en_ZA.res")
let impl_data_icudata_zone_en_MH_res:Array<Byte>=@res("../src/main/resources/com/ibm/icu/impl/data/icudata/zone/en_MH.res")
let impl_data_icudata_zone_pt_AO_res:Array<Byte>=@res("../src/main/resources/com/ibm/icu/impl/data/icudata/zone/pt_AO.res")
let impl_data_icudata_zone_yrl_res:Array<Byte>=@res("../src/main/resources/com/ibm/icu/impl/data/icudata/zone/yrl.res")
let impl_data_icudata_zone_ks_Deva_res:Array<Byte>=@res("../src/main/resources/com/ibm/icu/impl/data/icudata/zone/ks_Deva.res")
let impl_data_icudata_zone_en_CC_res:Array<Byte>=@res("../src/main/resources/com/ibm/icu/impl/data/icudata/zone/en_CC.res")
let impl_data_icudata_zone_su_Latn_res:Array<Byte>=@res("../src/main/resources/com/ibm/icu/impl/data/icudata/zone/su_Latn.res")
let impl_data_icudata_zone_shi_res:Array<Byte>=@res("../src/main/resources/com/ibm/icu/impl/data/icudata/zone/shi.res")
let impl_data_icudata_zone_rw_res:Array<Byte>=@res("../src/main/resources/com/ibm/icu/impl/data/icudata/zone/rw.res")
let impl_data_icudata_zone_tok_res:Array<Byte>=@res("../src/main/resources/com/ibm/icu/impl/data/icudata/zone/tok.res")
let impl_data_icudata_zone_sd_res:Array<Byte>=@res("../src/main/resources/com/ibm/icu/impl/data/icudata/zone/sd.res")
let impl_data_icudata_zone_fr_res:Array<Byte>=@res("../src/main/resources/com/ibm/icu/impl/data/icudata/zone/fr.res")
let impl_data_icudata_zone_gv_res:Array<Byte>=@res("../src/main/resources/com/ibm/icu/impl/data/icudata/zone/gv.res")
let impl_data_icudata_zone_ga_res:Array<Byte>=@res("../src/main/resources/com/ibm/icu/impl/data/icudata/zone/ga.res")
let impl_data_icudata_zone_dz_res:Array<Byte>=@res("../src/main/resources/com/ibm/icu/impl/data/icudata/zone/dz.res")
let impl_data_icudata_zone_es_NI_res:Array<Byte>=@res("../src/main/resources/com/ibm/icu/impl/data/icudata/zone/es_NI.res")
let impl_data_icudata_zone_ku_res:Array<Byte>=@res("../src/main/resources/com/ibm/icu/impl/data/icudata/zone/ku.res")
let impl_data_icudata_zone_hy_res:Array<Byte>=@res("../src/main/resources/com/ibm/icu/impl/data/icudata/zone/hy.res")
let impl_data_icudata_zone_es_CO_res:Array<Byte>=@res("../src/main/resources/com/ibm/icu/impl/data/icudata/zone/es_CO.res")
let impl_data_icudata_zone_vmw_res:Array<Byte>=@res("../src/main/resources/com/ibm/icu/impl/data/icudata/zone/vmw.res")
let impl_data_icudata_zone_az_Cyrl_res:Array<Byte>=@res("../src/main/resources/com/ibm/icu/impl/data/icudata/zone/az_Cyrl.res")
let impl_data_icudata_zone_xog_res:Array<Byte>=@res("../src/main/resources/com/ibm/icu/impl/data/icudata/zone/xog.res")
let impl_data_icudata_zone_se_res:Array<Byte>=@res("../src/main/resources/com/ibm/icu/impl/data/icudata/zone/se.res")
let impl_data_icudata_zone_sr_res:Array<Byte>=@res("../src/main/resources/com/ibm/icu/impl/data/icudata/zone/sr.res")
let impl_data_icudata_zone_ne_IN_res:Array<Byte>=@res("../src/main/resources/com/ibm/icu/impl/data/icudata/zone/ne_IN.res")
let impl_data_icudata_zone_uz_AF_res:Array<Byte>=@res("../src/main/resources/com/ibm/icu/impl/data/icudata/zone/uz_AF.res")
let impl_data_icudata_zone_hsb_res:Array<Byte>=@res("../src/main/resources/com/ibm/icu/impl/data/icudata/zone/hsb.res")
let impl_data_icudata_zone_guz_res:Array<Byte>=@res("../src/main/resources/com/ibm/icu/impl/data/icudata/zone/guz.res")
let impl_data_icudata_zone_pt_MZ_res:Array<Byte>=@res("../src/main/resources/com/ibm/icu/impl/data/icudata/zone/pt_MZ.res")
let impl_data_icudata_zone_en_NR_res:Array<Byte>=@res("../src/main/resources/com/ibm/icu/impl/data/icudata/zone/en_NR.res")
let impl_data_icudata_zone_en_ZW_res:Array<Byte>=@res("../src/main/resources/com/ibm/icu/impl/data/icudata/zone/en_ZW.res")
let impl_data_icudata_zone_vai_Latn_res:Array<Byte>=@res("../src/main/resources/com/ibm/icu/impl/data/icudata/zone/vai_Latn.res")
let impl_data_icudata_zone_en_VC_res:Array<Byte>=@res("../src/main/resources/com/ibm/icu/impl/data/icudata/zone/en_VC.res")
let impl_data_icudata_zone_en_TK_res:Array<Byte>=@res("../src/main/resources/com/ibm/icu/impl/data/icudata/zone/en_TK.res")
let impl_data_icudata_zone_kxv_IN_res:Array<Byte>=@res("../src/main/resources/com/ibm/icu/impl/data/icudata/zone/kxv_IN.res")
let impl_data_icudata_zone_pcm_res:Array<Byte>=@res("../src/main/resources/com/ibm/icu/impl/data/icudata/zone/pcm.res")
let impl_data_icudata_zone_ff_Latn_CM_res:Array<Byte>=@res("../src/main/resources/com/ibm/icu/impl/data/icudata/zone/ff_Latn_CM.res")
let impl_data_icudata_zone_zh_MO_res:Array<Byte>=@res("../src/main/resources/com/ibm/icu/impl/data/icudata/zone/zh_MO.res")
let impl_data_icudata_zone_en_VG_res:Array<Byte>=@res("../src/main/resources/com/ibm/icu/impl/data/icudata/zone/en_VG.res")
let impl_data_icudata_zone_en_TO_res:Array<Byte>=@res("../src/main/resources/com/ibm/icu/impl/data/icudata/zone/en_TO.res")
let impl_data_icudata_zone_en_NA_res:Array<Byte>=@res("../src/main/resources/com/ibm/icu/impl/data/icudata/zone/en_NA.res")
let impl_data_icudata_zone_ebu_res:Array<Byte>=@res("../src/main/resources/com/ibm/icu/impl/data/icudata/zone/ebu.res")
let impl_data_icudata_zone_en_BB_res:Array<Byte>=@res("../src/main/resources/com/ibm/icu/impl/data/icudata/zone/en_BB.res")
let impl_data_icudata_zone_pa_Guru_res:Array<Byte>=@res("../src/main/resources/com/ibm/icu/impl/data/icudata/zone/pa_Guru.res")
let impl_data_icudata_zone_sa_res:Array<Byte>=@res("../src/main/resources/com/ibm/icu/impl/data/icudata/zone/sa.res")
let impl_data_icudata_zone_sv_res:Array<Byte>=@res("../src/main/resources/com/ibm/icu/impl/data/icudata/zone/sv.res")
let impl_data_icudata_zone_gd_res:Array<Byte>=@res("../src/main/resources/com/ibm/icu/impl/data/icudata/zone/gd.res")
let impl_data_icudata_zone_el_res:Array<Byte>=@res("../src/main/resources/com/ibm/icu/impl/data/icudata/zone/el.res")
let impl_data_icudata_zone_no_NO_res:Array<Byte>=@res("../src/main/resources/com/ibm/icu/impl/data/icudata/zone/no_NO.res")
let impl_data_icudata_zone_es_BO_res:Array<Byte>=@res("../src/main/resources/com/ibm/icu/impl/data/icudata/zone/es_BO.res")
let impl_data_icudata_zone_in_res:Array<Byte>=@res("../src/main/resources/com/ibm/icu/impl/data/icudata/zone/in.res")
let impl_data_icudata_zone_fa_res:Array<Byte>=@res("../src/main/resources/com/ibm/icu/impl/data/icudata/zone/fa.res")
let impl_data_icudata_zone_pl_res:Array<Byte>=@res("../src/main/resources/com/ibm/icu/impl/data/icudata/zone/pl.res")
let impl_data_icudata_zone_sw_res:Array<Byte>=@res("../src/main/resources/com/ibm/icu/impl/data/icudata/zone/sw.res")
let impl_data_icudata_zone_yue_Hans_res:Array<Byte>=@res("../src/main/resources/com/ibm/icu/impl/data/icudata/zone/yue_Hans.res")
let impl_data_icudata_zone_mni_res:Array<Byte>=@res("../src/main/resources/com/ibm/icu/impl/data/icudata/zone/mni.res")
let impl_data_icudata_zone_kok_res:Array<Byte>=@res("../src/main/resources/com/ibm/icu/impl/data/icudata/zone/kok.res")
let impl_data_icudata_zone_pa_PK_res:Array<Byte>=@res("../src/main/resources/com/ibm/icu/impl/data/icudata/zone/pa_PK.res")
let impl_data_icudata_zone_ff_Latn_MR_res:Array<Byte>=@res("../src/main/resources/com/ibm/icu/impl/data/icudata/zone/ff_Latn_MR.res")
let impl_data_icudata_zone_ks_Arab_IN_res:Array<Byte>=@res("../src/main/resources/com/ibm/icu/impl/data/icudata/zone/ks_Arab_IN.res")
let impl_data_icudata_zone_sd_Deva_IN_res:Array<Byte>=@res("../src/main/resources/com/ibm/icu/impl/data/icudata/zone/sd_Deva_IN.res")
let impl_data_icudata_zone_ur_IN_res:Array<Byte>=@res("../src/main/resources/com/ibm/icu/impl/data/icudata/zone/ur_IN.res")
let impl_data_icudata_zone_pt_CV_res:Array<Byte>=@res("../src/main/resources/com/ibm/icu/impl/data/icudata/zone/pt_CV.res")
let impl_data_icudata_zone_en_MY_res:Array<Byte>=@res("../src/main/resources/com/ibm/icu/impl/data/icudata/zone/en_MY.res")
let impl_data_icudata_zone_en_NU_res:Array<Byte>=@res("../src/main/resources/com/ibm/icu/impl/data/icudata/zone/en_NU.res")
let impl_data_icudata_zone_kab_res:Array<Byte>=@res("../src/main/resources/com/ibm/icu/impl/data/icudata/zone/kab.res")
let impl_data_icudata_zone_seh_res:Array<Byte>=@res("../src/main/resources/com/ibm/icu/impl/data/icudata/zone/seh.res")
let impl_data_icudata_zone_mas_res:Array<Byte>=@res("../src/main/resources/com/ibm/icu/impl/data/icudata/zone/mas.res")
let impl_data_icudata_zone_sh_CS_res:Array<Byte>=@res("../src/main/resources/com/ibm/icu/impl/data/icudata/zone/sh_CS.res")
let impl_data_icudata_zone_su_res:Array<Byte>=@res("../src/main/resources/com/ibm/icu/impl/data/icudata/zone/su.res")
let impl_data_icudata_zone_mua_res:Array<Byte>=@res("../src/main/resources/com/ibm/icu/impl/data/icudata/zone/mua.res")
let impl_data_icudata_zone_eo_res:Array<Byte>=@res("../src/main/resources/com/ibm/icu/impl/data/icudata/zone/eo.res")
let impl_data_icudata_zone_mzn_res:Array<Byte>=@res("../src/main/resources/com/ibm/icu/impl/data/icudata/zone/mzn.res")
let impl_data_icudata_zone_ks_res:Array<Byte>=@res("../src/main/resources/com/ibm/icu/impl/data/icudata/zone/ks.res")
let impl_data_icudata_zone_jv_res:Array<Byte>=@res("../src/main/resources/com/ibm/icu/impl/data/icudata/zone/jv.res")
let impl_data_icudata_zone_sr_Cyrl_XK_res:Array<Byte>=@res("../src/main/resources/com/ibm/icu/impl/data/icudata/zone/sr_Cyrl_XK.res")
let impl_data_icudata_zone_de_CH_res:Array<Byte>=@res("../src/main/resources/com/ibm/icu/impl/data/icudata/zone/de_CH.res")
let impl_data_icudata_zone_es_BZ_res:Array<Byte>=@res("../src/main/resources/com/ibm/icu/impl/data/icudata/zone/es_BZ.res")
let impl_data_icudata_zone_hi_res:Array<Byte>=@res("../src/main/resources/com/ibm/icu/impl/data/icudata/zone/hi.res")
let impl_data_icudata_zone_ja_res:Array<Byte>=@res("../src/main/resources/com/ibm/icu/impl/data/icudata/zone/ja.res")
let impl_data_icudata_zone_tzm_res:Array<Byte>=@res("../src/main/resources/com/ibm/icu/impl/data/icudata/zone/tzm.res")
let impl_data_icudata_zone_en_res:Array<Byte>=@res("../src/main/resources/com/ibm/icu/impl/data/icudata/zone/en.res")
let impl_data_icudata_zone_xnr_res:Array<Byte>=@res("../src/main/resources/com/ibm/icu/impl/data/icudata/zone/xnr.res")
let impl_data_icudata_zone_sh_BA_res:Array<Byte>=@res("../src/main/resources/com/ibm/icu/impl/data/icudata/zone/sh_BA.res")
let impl_data_icudata_zone_pa_Guru_IN_res:Array<Byte>=@res("../src/main/resources/com/ibm/icu/impl/data/icudata/zone/pa_Guru_IN.res")
let impl_data_icudata_zone_st_res:Array<Byte>=@res("../src/main/resources/com/ibm/icu/impl/data/icudata/zone/st.res")
let impl_data_icudata_zone_sc_res:Array<Byte>=@res("../src/main/resources/com/ibm/icu/impl/data/icudata/zone/sc.res")
let impl_data_icudata_zone_es_US_res:Array<Byte>=@res("../src/main/resources/com/ibm/icu/impl/data/icudata/zone/es_US.res")
let impl_data_icudata_zone_fr_CA_res:Array<Byte>=@res("../src/main/resources/com/ibm/icu/impl/data/icudata/zone/fr_CA.res")
let impl_data_icudata_zone_en_BW_res:Array<Byte>=@res("../src/main/resources/com/ibm/icu/impl/data/icudata/zone/en_BW.res")
let impl_data_icudata_zone_sr_XK_res:Array<Byte>=@res("../src/main/resources/com/ibm/icu/impl/data/icudata/zone/sr_XK.res")
let impl_data_icudata_zone_en_MO_res:Array<Byte>=@res("../src/main/resources/com/ibm/icu/impl/data/icudata/zone/en_MO.res")
let impl_data_icudata_zone_mni_Beng_IN_res:Array<Byte>=@res("../src/main/resources/com/ibm/icu/impl/data/icudata/zone/mni_Beng_IN.res")
let impl_data_icudata_zone_kxv_res:Array<Byte>=@res("../src/main/resources/com/ibm/icu/impl/data/icudata/zone/kxv.res")
let impl_data_icudata_zone_kxv_Orya_res:Array<Byte>=@res("../src/main/resources/com/ibm/icu/impl/data/icudata/zone/kxv_Orya.res")
let impl_data_icudata_zone_en_TZ_res:Array<Byte>=@res("../src/main/resources/com/ibm/icu/impl/data/icudata/zone/en_TZ.res")
let impl_data_icudata_zone_en_DG_res:Array<Byte>=@res("../src/main/resources/com/ibm/icu/impl/data/icudata/zone/en_DG.res")
let impl_data_icudata_zone_saq_res:Array<Byte>=@res("../src/main/resources/com/ibm/icu/impl/data/icudata/zone/saq.res")
let impl_data_icudata_zone_bm_res:Array<Byte>=@res("../src/main/resources/com/ibm/icu/impl/data/icudata/zone/bm.res")
let impl_data_icudata_zone_bs_Latn_BA_res:Array<Byte>=@res("../src/main/resources/com/ibm/icu/impl/data/icudata/zone/bs_Latn_BA.res")
let impl_data_icudata_zone_szl_res:Array<Byte>=@res("../src/main/resources/com/ibm/icu/impl/data/icudata/zone/szl.res")
let impl_data_icudata_zone_nn_res:Array<Byte>=@res("../src/main/resources/com/ibm/icu/impl/data/icudata/zone/nn.res")
let impl_data_icudata_zone_lg_res:Array<Byte>=@res("../src/main/resources/com/ibm/icu/impl/data/icudata/zone/lg.res")
let impl_data_icudata_zone_yue_HK_res:Array<Byte>=@res("../src/main/resources/com/ibm/icu/impl/data/icudata/zone/yue_HK.res")
let impl_data_icudata_zone_no_res:Array<Byte>=@res("../src/main/resources/com/ibm/icu/impl/data/icudata/zone/no.res")
let impl_data_icudata_zone_mt_res:Array<Byte>=@res("../src/main/resources/com/ibm/icu/impl/data/icudata/zone/mt.res")
let impl_data_icudata_zone_ta_res:Array<Byte>=@res("../src/main/resources/com/ibm/icu/impl/data/icudata/zone/ta.res")
let impl_data_icudata_zone_vi_res:Array<Byte>=@res("../src/main/resources/com/ibm/icu/impl/data/icudata/zone/vi.res")
let impl_data_icudata_zone_ur_res:Array<Byte>=@res("../src/main/resources/com/ibm/icu/impl/data/icudata/zone/ur.res")
let impl_data_icudata_zone_es_PY_res:Array<Byte>=@res("../src/main/resources/com/ibm/icu/impl/data/icudata/zone/es_PY.res")
let impl_data_icudata_zone_hi_Latn_res:Array<Byte>=@res("../src/main/resources/com/ibm/icu/impl/data/icudata/zone/hi_Latn.res")
let impl_data_icudata_zone_qu_BO_res:Array<Byte>=@res("../src/main/resources/com/ibm/icu/impl/data/icudata/zone/qu_BO.res")
let impl_data_icudata_zone_nus_res:Array<Byte>=@res("../src/main/resources/com/ibm/icu/impl/data/icudata/zone/nus.res")
let impl_data_icudata_zone_sd_Arab_res:Array<Byte>=@res("../src/main/resources/com/ibm/icu/impl/data/icudata/zone/sd_Arab.res")
let impl_data_icudata_zone_en_KI_res:Array<Byte>=@res("../src/main/resources/com/ibm/icu/impl/data/icudata/zone/en_KI.res")
let impl_data_icudata_zone_en_JM_res:Array<Byte>=@res("../src/main/resources/com/ibm/icu/impl/data/icudata/zone/en_JM.res")
let impl_data_icudata_zone_en_SX_res:Array<Byte>=@res("../src/main/resources/com/ibm/icu/impl/data/icudata/zone/en_SX.res")
let impl_data_icudata_zone_ff_GN_res:Array<Byte>=@res("../src/main/resources/com/ibm/icu/impl/data/icudata/zone/ff_GN.res")
let impl_data_icudata_zone_en_PT_res:Array<Byte>=@res("../src/main/resources/com/ibm/icu/impl/data/icudata/zone/en_PT.res")
let impl_data_icudata_zone_ksb_res:Array<Byte>=@res("../src/main/resources/com/ibm/icu/impl/data/icudata/zone/ksb.res")
let impl_data_icudata_zone_zh_Hant_res:Array<Byte>=@res("../src/main/resources/com/ibm/icu/impl/data/icudata/zone/zh_Hant.res")
let impl_data_icudata_zone_en_SZ_res:Array<Byte>=@res("../src/main/resources/com/ibm/icu/impl/data/icudata/zone/en_SZ.res")
let impl_data_icudata_zone_sr_Latn_CS_res:Array<Byte>=@res("../src/main/resources/com/ibm/icu/impl/data/icudata/zone/sr_Latn_CS.res")
let impl_data_icudata_zone_en_IT_res:Array<Byte>=@res("../src/main/resources/com/ibm/icu/impl/data/icudata/zone/en_IT.res")
let impl_data_icudata_zone_pa_Arab_PK_res:Array<Byte>=@res("../src/main/resources/com/ibm/icu/impl/data/icudata/zone/pa_Arab_PK.res")
let impl_data_icudata_zone_en_GH_res:Array<Byte>=@res("../src/main/resources/com/ibm/icu/impl/data/icudata/zone/en_GH.res")
let impl_data_icudata_zone_kgp_res:Array<Byte>=@res("../src/main/resources/com/ibm/icu/impl/data/icudata/zone/kgp.res")
let impl_data_icudata_zone_ff_Latn_res:Array<Byte>=@res("../src/main/resources/com/ibm/icu/impl/data/icudata/zone/ff_Latn.res")
let impl_data_icudata_zone_pa_Arab_res:Array<Byte>=@res("../src/main/resources/com/ibm/icu/impl/data/icudata/zone/pa_Arab.res")
let impl_data_icudata_zone_bs_BA_res:Array<Byte>=@res("../src/main/resources/com/ibm/icu/impl/data/icudata/zone/bs_BA.res")
let impl_data_icudata_zone_zh_res:Array<Byte>=@res("../src/main/resources/com/ibm/icu/impl/data/icudata/zone/zh.res")
let impl_data_icudata_zone_tt_res:Array<Byte>=@res("../src/main/resources/com/ibm/icu/impl/data/icudata/zone/tt.res")
let impl_data_icudata_zone_mfe_res:Array<Byte>=@res("../src/main/resources/com/ibm/icu/impl/data/icudata/zone/mfe.res")
let impl_data_icudata_zone_wo_res:Array<Byte>=@res("../src/main/resources/com/ibm/icu/impl/data/icudata/zone/wo.res")
let impl_data_icudata_zone_ug_res:Array<Byte>=@res("../src/main/resources/com/ibm/icu/impl/data/icudata/zone/ug.res")
let impl_data_icudata_zone_bn_res:Array<Byte>=@res("../src/main/resources/com/ibm/icu/impl/data/icudata/zone/bn.res")
let impl_data_icudata_zone_ta_MY_res:Array<Byte>=@res("../src/main/resources/com/ibm/icu/impl/data/icudata/zone/ta_MY.res")
let impl_data_icudata_zone_uz_Cyrl_res:Array<Byte>=@res("../src/main/resources/com/ibm/icu/impl/data/icudata/zone/uz_Cyrl.res")
let impl_data_icudata_zone_sat_Olck_res:Array<Byte>=@res("../src/main/resources/com/ibm/icu/impl/data/icudata/zone/sat_Olck.res")
let impl_data_icudata_zone_nl_res:Array<Byte>=@res("../src/main/resources/com/ibm/icu/impl/data/icudata/zone/nl.res")
let impl_data_icudata_zone_bo_res:Array<Byte>=@res("../src/main/resources/com/ibm/icu/impl/data/icudata/zone/bo.res")
let impl_data_icudata_zone_dyo_res:Array<Byte>=@res("../src/main/resources/com/ibm/icu/impl/data/icudata/zone/dyo.res")
let impl_data_icudata_zone_es_SV_res:Array<Byte>=@res("../src/main/resources/com/ibm/icu/impl/data/icudata/zone/es_SV.res")
let impl_data_icudata_zone_en_DE_res:Array<Byte>=@res("../src/main/resources/com/ibm/icu/impl/data/icudata/zone/en_DE.res")
let impl_data_icudata_zone_prg_res:Array<Byte>=@res("../src/main/resources/com/ibm/icu/impl/data/icudata/zone/prg.res")
let impl_data_icudata_zone_en_FM_res:Array<Byte>=@res("../src/main/resources/com/ibm/icu/impl/data/icudata/zone/en_FM.res")
let impl_data_icudata_zone_en_GI_res:Array<Byte>=@res("../src/main/resources/com/ibm/icu/impl/data/icudata/zone/en_GI.res")
let impl_data_icudata_zone_uz_Arab_res:Array<Byte>=@res("../src/main/resources/com/ibm/icu/impl/data/icudata/zone/uz_Arab.res")
let impl_data_icudata_zone_sr_Latn_BA_res:Array<Byte>=@res("../src/main/resources/com/ibm/icu/impl/data/icudata/zone/sr_Latn_BA.res")
let impl_data_icudata_zone_uz_Arab_AF_res:Array<Byte>=@res("../src/main/resources/com/ibm/icu/impl/data/icudata/zone/uz_Arab_AF.res")
let impl_data_icudata_zone_yue_Hant_HK_res:Array<Byte>=@res("../src/main/resources/com/ibm/icu/impl/data/icudata/zone/yue_Hant_HK.res")
let impl_data_icudata_zone_en_RH_res:Array<Byte>=@res("../src/main/resources/com/ibm/icu/impl/data/icudata/zone/en_RH.res")
let impl_data_icudata_zone_en_SL_res:Array<Byte>=@res("../src/main/resources/com/ibm/icu/impl/data/icudata/zone/en_SL.res")
let impl_data_icudata_zone_en_PW_res:Array<Byte>=@res("../src/main/resources/com/ibm/icu/impl/data/icudata/zone/en_PW.res")
let impl_data_icudata_zone_en_SH_res:Array<Byte>=@res("../src/main/resources/com/ibm/icu/impl/data/icudata/zone/en_SH.res")
let impl_data_icudata_zone_naq_res:Array<Byte>=@res("../src/main/resources/com/ibm/icu/impl/data/icudata/zone/naq.res")
let impl_data_icudata_zone_zh_Hant_HK_res:Array<Byte>=@res("../src/main/resources/com/ibm/icu/impl/data/icudata/zone/zh_Hant_HK.res")
let impl_data_icudata_zone_en_KY_res:Array<Byte>=@res("../src/main/resources/com/ibm/icu/impl/data/icudata/zone/en_KY.res")
let impl_data_icudata_zone_en_HU_res:Array<Byte>=@res("../src/main/resources/com/ibm/icu/impl/data/icudata/zone/en_HU.res")
let impl_data_icudata_zone_en_KN_res:Array<Byte>=@res("../src/main/resources/com/ibm/icu/impl/data/icudata/zone/en_KN.res")
let impl_data_icudata_zone_en_GM_res:Array<Byte>=@res("../src/main/resources/com/ibm/icu/impl/data/icudata/zone/en_GM.res")
let impl_data_icudata_zone_en_FI_res:Array<Byte>=@res("../src/main/resources/com/ibm/icu/impl/data/icudata/zone/en_FI.res")
let impl_data_icudata_zone_en_ER_res:Array<Byte>=@res("../src/main/resources/com/ibm/icu/impl/data/icudata/zone/en_ER.res")
let impl_data_icudata_zone_yrl_CO_res:Array<Byte>=@res("../src/main/resources/com/ibm/icu/impl/data/icudata/zone/yrl_CO.res")
let impl_data_icudata_zone_en_150_res:Array<Byte>=@res("../src/main/resources/com/ibm/icu/impl/data/icudata/zone/en_150.res")
let impl_data_icudata_zone_yo_BJ_res:Array<Byte>=@res("../src/main/resources/com/ibm/icu/impl/data/icudata/zone/yo_BJ.res")
let impl_data_icudata_zone_haw_res:Array<Byte>=@res("../src/main/resources/com/ibm/icu/impl/data/icudata/zone/haw.res")
let impl_data_icudata_zone_ms_res:Array<Byte>=@res("../src/main/resources/com/ibm/icu/impl/data/icudata/zone/ms.res")
let impl_data_icudata_zone_mr_res:Array<Byte>=@res("../src/main/resources/com/ibm/icu/impl/data/icudata/zone/mr.res")
let impl_data_icudata_zone_om_res:Array<Byte>=@res("../src/main/resources/com/ibm/icu/impl/data/icudata/zone/om.res")
let impl_data_icudata_zone_lv_res:Array<Byte>=@res("../src/main/resources/com/ibm/icu/impl/data/icudata/zone/lv.res")
let impl_data_icudata_zone_tl_PH_res:Array<Byte>=@res("../src/main/resources/com/ibm/icu/impl/data/icudata/zone/tl_PH.res")
let impl_data_icudata_zone_af_res:Array<Byte>=@res("../src/main/resources/com/ibm/icu/impl/data/icudata/zone/af.res")
let impl_data_icudata_zone_es_HN_res:Array<Byte>=@res("../src/main/resources/com/ibm/icu/impl/data/icudata/zone/es_HN.res")
let impl_data_icudata_zone_cy_res:Array<Byte>=@res("../src/main/resources/com/ibm/icu/impl/data/icudata/zone/cy.res")
let impl_data_icudata_zone_chr_res:Array<Byte>=@res("../src/main/resources/com/ibm/icu/impl/data/icudata/zone/chr.res")
let impl_data_icudata_zone_zgh_res:Array<Byte>=@res("../src/main/resources/com/ibm/icu/impl/data/icudata/zone/zgh.res")
let impl_data_icudata_zone_tg_res:Array<Byte>=@res("../src/main/resources/com/ibm/icu/impl/data/icudata/zone/tg.res")
let impl_data_icudata_zone_teo_res:Array<Byte>=@res("../src/main/resources/com/ibm/icu/impl/data/icudata/zone/teo.res")
let impl_data_icudata_zone_ceb_res:Array<Byte>=@res("../src/main/resources/com/ibm/icu/impl/data/icudata/zone/ceb.res")
let impl_data_icudata_zone_en_ES_res:Array<Byte>=@res("../src/main/resources/com/ibm/icu/impl/data/icudata/zone/en_ES.res")
let impl_data_icudata_zone_en_SI_res:Array<Byte>=@res("../src/main/resources/com/ibm/icu/impl/data/icudata/zone/en_SI.res")
let impl_data_icudata_zone_ksf_res:Array<Byte>=@res("../src/main/resources/com/ibm/icu/impl/data/icudata/zone/ksf.res")
let impl_data_icudata_zone_wae_res:Array<Byte>=@res("../src/main/resources/com/ibm/icu/impl/data/icudata/zone/wae.res")
let impl_data_icudata_zone_nnh_res:Array<Byte>=@res("../src/main/resources/com/ibm/icu/impl/data/icudata/zone/nnh.res")
let impl_data_icudata_zone_tzdbNames_res:Array<Byte>=@res("../src/main/resources/com/ibm/icu/impl/data/icudata/zone/tzdbNames.res")
let impl_data_icudata_zone_en_PG_res:Array<Byte>=@res("../src/main/resources/com/ibm/icu/impl/data/icudata/zone/en_PG.res")
let impl_data_icudata_zone_en_RO_res:Array<Byte>=@res("../src/main/resources/com/ibm/icu/impl/data/icudata/zone/en_RO.res")
let impl_data_icudata_zone_en_SK_res:Array<Byte>=@res("../src/main/resources/com/ibm/icu/impl/data/icudata/zone/en_SK.res")
let impl_data_icudata_zone_pt_PT_res:Array<Byte>=@res("../src/main/resources/com/ibm/icu/impl/data/icudata/zone/pt_PT.res")
let impl_data_icudata_zone_en_IE_res:Array<Byte>=@res("../src/main/resources/com/ibm/icu/impl/data/icudata/zone/en_IE.res")
let impl_data_icudata_zone_bs_Cyrl_res:Array<Byte>=@res("../src/main/resources/com/ibm/icu/impl/data/icudata/zone/bs_Cyrl.res")
let impl_data_icudata_zone_en_GY_res:Array<Byte>=@res("../src/main/resources/com/ibm/icu/impl/data/icudata/zone/en_GY.res")
let impl_data_icudata_zone_en_FJ_res:Array<Byte>=@res("../src/main/resources/com/ibm/icu/impl/data/icudata/zone/en_FJ.res")
let impl_data_icudata_zone_lag_res:Array<Byte>=@res("../src/main/resources/com/ibm/icu/impl/data/icudata/zone/lag.res")
let impl_data_icudata_zone_blo_res:Array<Byte>=@res("../src/main/resources/com/ibm/icu/impl/data/icudata/zone/blo.res")
let impl_data_icudata_zone_es_419_res:Array<Byte>=@res("../src/main/resources/com/ibm/icu/impl/data/icudata/zone/es_419.res")
let impl_data_icudata_zone_sat_res:Array<Byte>=@res("../src/main/resources/com/ibm/icu/impl/data/icudata/zone/sat.res")
let impl_data_icudata_zone_te_res:Array<Byte>=@res("../src/main/resources/com/ibm/icu/impl/data/icudata/zone/te.res")
let impl_data_icudata_zone_tr_res:Array<Byte>=@res("../src/main/resources/com/ibm/icu/impl/data/icudata/zone/tr.res")
let impl_data_icudata_zone_as_res:Array<Byte>=@res("../src/main/resources/com/ibm/icu/impl/data/icudata/zone/as.res")
let impl_data_icudata_zone_syr_res:Array<Byte>=@res("../src/main/resources/com/ibm/icu/impl/data/icudata/zone/syr.res")
let impl_data_icudata_zone_mg_res:Array<Byte>=@res("../src/main/resources/com/ibm/icu/impl/data/icudata/zone/mg.res")
let impl_data_icudata_zone_es_GT_res:Array<Byte>=@res("../src/main/resources/com/ibm/icu/impl/data/icudata/zone/es_GT.res")
let impl_data_icudata_zone_sr_Latn_res:Array<Byte>=@res("../src/main/resources/com/ibm/icu/impl/data/icudata/zone/sr_Latn.res")
let impl_data_icudata_zone_es_DO_res:Array<Byte>=@res("../src/main/resources/com/ibm/icu/impl/data/icudata/zone/es_DO.res")
let impl_data_icudata_zone_lt_res:Array<Byte>=@res("../src/main/resources/com/ibm/icu/impl/data/icudata/zone/lt.res")
let impl_data_icudata_zone_lu_res:Array<Byte>=@res("../src/main/resources/com/ibm/icu/impl/data/icudata/zone/lu.res")
let impl_data_icudata_zone_lb_res:Array<Byte>=@res("../src/main/resources/com/ibm/icu/impl/data/icudata/zone/lb.res")
let impl_data_icudata_zone_ar_res:Array<Byte>=@res("../src/main/resources/com/ibm/icu/impl/data/icudata/zone/ar.res")
let impl_data_icudata_zone_sw_KE_res:Array<Byte>=@res("../src/main/resources/com/ibm/icu/impl/data/icudata/zone/sw_KE.res")
let impl_data_icudata_zone_jmc_res:Array<Byte>=@res("../src/main/resources/com/ibm/icu/impl/data/icudata/zone/jmc.res")
let impl_data_icudata_zone_kxv_Telu_res:Array<Byte>=@res("../src/main/resources/com/ibm/icu/impl/data/icudata/zone/kxv_Telu.res")
let impl_data_icudata_zone_en_FK_res:Array<Byte>=@res("../src/main/resources/com/ibm/icu/impl/data/icudata/zone/en_FK.res")
let impl_data_icudata_zone_ff_SN_res:Array<Byte>=@res("../src/main/resources/com/ibm/icu/impl/data/icudata/zone/ff_SN.res")
let impl_data_icudata_zone_en_ID_res:Array<Byte>=@res("../src/main/resources/com/ibm/icu/impl/data/icudata/zone/en_ID.res")
let impl_data_icudata_zone_ps_PK_res:Array<Byte>=@res("../src/main/resources/com/ibm/icu/impl/data/icudata/zone/ps_PK.res")
let impl_data_icudata_zone_nmg_res:Array<Byte>=@res("../src/main/resources/com/ibm/icu/impl/data/icudata/zone/nmg.res")
let impl_data_icudata_zone_zh_Hans_res:Array<Byte>=@res("../src/main/resources/com/ibm/icu/impl/data/icudata/zone/zh_Hans.res")
let impl_data_icudata_zone_luy_res:Array<Byte>=@res("../src/main/resources/com/ibm/icu/impl/data/icudata/zone/luy.res")
let impl_data_icudata_zone_en_PK_res:Array<Byte>=@res("../src/main/resources/com/ibm/icu/impl/data/icudata/zone/en_PK.res")
let impl_data_icudata_zone_sr_Latn_ME_res:Array<Byte>=@res("../src/main/resources/com/ibm/icu/impl/data/icudata/zone/sr_Latn_ME.res")
let impl_data_icudata_zone_ksh_res:Array<Byte>=@res("../src/main/resources/com/ibm/icu/impl/data/icudata/zone/ksh.res")
let impl_data_icudata_zone_en_SG_res:Array<Byte>=@res("../src/main/resources/com/ibm/icu/impl/data/icudata/zone/en_SG.res")
let impl_data_icudata_zone_pt_ST_res:Array<Byte>=@res("../src/main/resources/com/ibm/icu/impl/data/icudata/zone/pt_ST.res")
let impl_data_icudata_zone_bas_res:Array<Byte>=@res("../src/main/resources/com/ibm/icu/impl/data/icudata/zone/bas.res")
let impl_data_icudata_zone_pt_GQ_res:Array<Byte>=@res("../src/main/resources/com/ibm/icu/impl/data/icudata/zone/pt_GQ.res")
let impl_data_icudata_zone_en_JE_res:Array<Byte>=@res("../src/main/resources/com/ibm/icu/impl/data/icudata/zone/en_JE.res")
let impl_data_icudata_zone_en_GU_res:Array<Byte>=@res("../src/main/resources/com/ibm/icu/impl/data/icudata/zone/en_GU.res")
let impl_data_icudata_zone_zh_Hans_SG_res:Array<Byte>=@res("../src/main/resources/com/ibm/icu/impl/data/icudata/zone/zh_Hans_SG.res")
let impl_data_icudata_zone_en_GB_res:Array<Byte>=@res("../src/main/resources/com/ibm/icu/impl/data/icudata/zone/en_GB.res")
let impl_data_icudata_zone_zu_res:Array<Byte>=@res("../src/main/resources/com/ibm/icu/impl/data/icudata/zone/zu.res")
let impl_data_icudata_zone_vai_Vaii_LR_res:Array<Byte>=@res("../src/main/resources/com/ibm/icu/impl/data/icudata/zone/vai_Vaii_LR.res")
let impl_data_icudata_zone_ast_res:Array<Byte>=@res("../src/main/resources/com/ibm/icu/impl/data/icudata/zone/ast.res")
let impl_data_icudata_zone_ti_res:Array<Byte>=@res("../src/main/resources/com/ibm/icu/impl/data/icudata/zone/ti.res")
let impl_data_icudata_zone_fur_res:Array<Byte>=@res("../src/main/resources/com/ibm/icu/impl/data/icudata/zone/fur.res")
let impl_data_icudata_zone_doi_res:Array<Byte>=@res("../src/main/resources/com/ibm/icu/impl/data/icudata/zone/doi.res")
let impl_data_icudata_zone_uz_res:Array<Byte>=@res("../src/main/resources/com/ibm/icu/impl/data/icudata/zone/uz.res")
let impl_data_icudata_zone_agq_res:Array<Byte>=@res("../src/main/resources/com/ibm/icu/impl/data/icudata/zone/agq.res")
let impl_data_icudata_zone_bs_res:Array<Byte>=@res("../src/main/resources/com/ibm/icu/impl/data/icudata/zone/bs.res")
let impl_data_icudata_zone_vec_res:Array<Byte>=@res("../src/main/resources/com/ibm/icu/impl/data/icudata/zone/vec.res")
let impl_data_icudata_zone_lo_res:Array<Byte>=@res("../src/main/resources/com/ibm/icu/impl/data/icudata/zone/lo.res")
let impl_data_icudata_zone_mk_res:Array<Byte>=@res("../src/main/resources/com/ibm/icu/impl/data/icudata/zone/mk.res")
let impl_data_icudata_zone_oc_res:Array<Byte>=@res("../src/main/resources/com/ibm/icu/impl/data/icudata/zone/oc.res")
let impl_data_icudata_zone_vai_Vaii_res:Array<Byte>=@res("../src/main/resources/com/ibm/icu/impl/data/icudata/zone/vai_Vaii.res")
let impl_data_icudata_zone_ln_res:Array<Byte>=@res("../src/main/resources/com/ibm/icu/impl/data/icudata/zone/ln.res")
let impl_data_icudata_zone_csw_res:Array<Byte>=@res("../src/main/resources/com/ibm/icu/impl/data/icudata/zone/csw.res")
let impl_data_icudata_zone_be_res:Array<Byte>=@res("../src/main/resources/com/ibm/icu/impl/data/icudata/zone/be.res")
let impl_data_icudata_zone_ca_res:Array<Byte>=@res("../src/main/resources/com/ibm/icu/impl/data/icudata/zone/ca.res")
let impl_data_icudata_zone_br_res:Array<Byte>=@res("../src/main/resources/com/ibm/icu/impl/data/icudata/zone/br.res")
let impl_data_icudata_zone_cv_res:Array<Byte>=@res("../src/main/resources/com/ibm/icu/impl/data/icudata/zone/cv.res")
let impl_data_icudata_zone_th_res:Array<Byte>=@res("../src/main/resources/com/ibm/icu/impl/data/icudata/zone/th.res")
let impl_data_icudata_zone_fr_GF_res:Array<Byte>=@res("../src/main/resources/com/ibm/icu/impl/data/icudata/zone/fr_GF.res")
let impl_data_icudata_zone_yo_res:Array<Byte>=@res("../src/main/resources/com/ibm/icu/impl/data/icudata/zone/yo.res")
let impl_data_icudata_zone_nyn_res:Array<Byte>=@res("../src/main/resources/com/ibm/icu/impl/data/icudata/zone/nyn.res")
let impl_data_icudata_zone_sat_Olck_IN_res:Array<Byte>=@res("../src/main/resources/com/ibm/icu/impl/data/icudata/zone/sat_Olck_IN.res")
let impl_data_icudata_zone_su_ID_res:Array<Byte>=@res("../src/main/resources/com/ibm/icu/impl/data/icudata/zone/su_ID.res")
let impl_data_icudata_zone_luo_res:Array<Byte>=@res("../src/main/resources/com/ibm/icu/impl/data/icudata/zone/luo.res")
let impl_data_icudata_zone_sd_PK_res:Array<Byte>=@res("../src/main/resources/com/ibm/icu/impl/data/icudata/zone/sd_PK.res")
let impl_data_icudata_zone_en_RW_res:Array<Byte>=@res("../src/main/resources/com/ibm/icu/impl/data/icudata/zone/en_RW.res")
let impl_data_icudata_zone_en_SS_res:Array<Byte>=@res("../src/main/resources/com/ibm/icu/impl/data/icudata/zone/en_SS.res")
let impl_data_icudata_zone_en_SD_res:Array<Byte>=@res("../src/main/resources/com/ibm/icu/impl/data/icudata/zone/en_SD.res")
let impl_data_icudata_zone_in_ID_res:Array<Byte>=@res("../src/main/resources/com/ibm/icu/impl/data/icudata/zone/in_ID.res")
let impl_data_icudata_zone_shi_Tfng_MA_res:Array<Byte>=@res("../src/main/resources/com/ibm/icu/impl/data/icudata/zone/shi_Tfng_MA.res")
let impl_data_icudata_zone_ff_Adlm_res:Array<Byte>=@res("../src/main/resources/com/ibm/icu/impl/data/icudata/zone/ff_Adlm.res")
let impl_data_icudata_zone_en_FR_res:Array<Byte>=@res("../src/main/resources/com/ibm/icu/impl/data/icudata/zone/en_FR.res")
let impl_data_icudata_zone_en_DM_res:Array<Byte>=@res("../src/main/resources/com/ibm/icu/impl/data/icudata/zone/en_DM.res")
let impl_data_icudata_zone_kok_Latn_res:Array<Byte>=@res("../src/main/resources/com/ibm/icu/impl/data/icudata/zone/kok_Latn.res")
let impl_data_icudata_zone_es_PE_res:Array<Byte>=@res("../src/main/resources/com/ibm/icu/impl/data/icudata/zone/es_PE.res")
let impl_data_icudata_zone_dav_res:Array<Byte>=@res("../src/main/resources/com/ibm/icu/impl/data/icudata/zone/dav.res")
let impl_data_icudata_zone_za_res:Array<Byte>=@res("../src/main/resources/com/ibm/icu/impl/data/icudata/zone/za.res")
let impl_data_icudata_zone_es_PR_res:Array<Byte>=@res("../src/main/resources/com/ibm/icu/impl/data/icudata/zone/es_PR.res")
let impl_data_icudata_zone_cgg_res:Array<Byte>=@res("../src/main/resources/com/ibm/icu/impl/data/icudata/zone/cgg.res")
let impl_data_icudata_zone_ars_res:Array<Byte>=@res("../src/main/resources/com/ibm/icu/impl/data/icudata/zone/ars.res")
let impl_data_icudata_zone_mgh_res:Array<Byte>=@res("../src/main/resources/com/ibm/icu/impl/data/icudata/zone/mgh.res")
let impl_data_icudata_zone_ak_res:Array<Byte>=@res("../src/main/resources/com/ibm/icu/impl/data/icudata/zone/ak.res")
let impl_data_icudata_zone_bg_res:Array<Byte>=@res("../src/main/resources/com/ibm/icu/impl/data/icudata/zone/bg.res")
let impl_data_icudata_zone_sd_Deva_res:Array<Byte>=@res("../src/main/resources/com/ibm/icu/impl/data/icudata/zone/sd_Deva.res")
let impl_data_icudata_zone_nd_res:Array<Byte>=@res("../src/main/resources/com/ibm/icu/impl/data/icudata/zone/nd.res")
let impl_data_icudata_zone_ne_res:Array<Byte>=@res("../src/main/resources/com/ibm/icu/impl/data/icudata/zone/ne.res")
let impl_data_icudata_zone_kxv_Latn_res:Array<Byte>=@res("../src/main/resources/com/ibm/icu/impl/data/icudata/zone/kxv_Latn.res")
let impl_data_icudata_zone_mi_res:Array<Byte>=@res("../src/main/resources/com/ibm/icu/impl/data/icudata/zone/mi.res")
let impl_data_icudata_zone_shi_Latn_res:Array<Byte>=@res("../src/main/resources/com/ibm/icu/impl/data/icudata/zone/shi_Latn.res")
let impl_data_icudata_zone_mni_Beng_res:Array<Byte>=@res("../src/main/resources/com/ibm/icu/impl/data/icudata/zone/mni_Beng.res")
let impl_data_icudata_zone_sr_Cyrl_RS_res:Array<Byte>=@res("../src/main/resources/com/ibm/icu/impl/data/icudata/zone/sr_Cyrl_RS.res")
let impl_data_icudata_zone_az_Latn_AZ_res:Array<Byte>=@res("../src/main/resources/com/ibm/icu/impl/data/icudata/zone/az_Latn_AZ.res")
let impl_data_icudata_zone_asa_res:Array<Byte>=@res("../src/main/resources/com/ibm/icu/impl/data/icudata/zone/asa.res")
let impl_data_icudata_zone_smn_res:Array<Byte>=@res("../src/main/resources/com/ibm/icu/impl/data/icudata/zone/smn.res")
let impl_data_icudata_zone_tk_res:Array<Byte>=@res("../src/main/resources/com/ibm/icu/impl/data/icudata/zone/tk.res")
let impl_data_icudata_zone_sat_IN_res:Array<Byte>=@res("../src/main/resources/com/ibm/icu/impl/data/icudata/zone/sat_IN.res")
let impl_data_icudata_zone_xh_res:Array<Byte>=@res("../src/main/resources/com/ibm/icu/impl/data/icudata/zone/xh.res")
let impl_data_icudata_zone_en_001_res:Array<Byte>=@res("../src/main/resources/com/ibm/icu/impl/data/icudata/zone/en_001.res")
let impl_data_icudata_zone_sr_Latn_YU_res:Array<Byte>=@res("../src/main/resources/com/ibm/icu/impl/data/icudata/zone/sr_Latn_YU.res")
let impl_data_icudata_zone_ff_Latn_SN_res:Array<Byte>=@res("../src/main/resources/com/ibm/icu/impl/data/icudata/zone/ff_Latn_SN.res")
let impl_data_icudata_zone_sr_RS_res:Array<Byte>=@res("../src/main/resources/com/ibm/icu/impl/data/icudata/zone/sr_RS.res")
let impl_data_icudata_zone_zh_SG_res:Array<Byte>=@res("../src/main/resources/com/ibm/icu/impl/data/icudata/zone/zh_SG.res")
let impl_data_icudata_zone_en_SE_res:Array<Byte>=@res("../src/main/resources/com/ibm/icu/impl/data/icudata/zone/en_SE.res")
let impl_data_icudata_zone_ms_ID_res:Array<Byte>=@res("../src/main/resources/com/ibm/icu/impl/data/icudata/zone/ms_ID.res")
let impl_data_icudata_zone_pt_GW_res:Array<Byte>=@res("../src/main/resources/com/ibm/icu/impl/data/icudata/zone/pt_GW.res")
let impl_data_icudata_zone_fil_PH_res:Array<Byte>=@res("../src/main/resources/com/ibm/icu/impl/data/icudata/zone/fil_PH.res")
let impl_data_icudata_zone_en_IO_res:Array<Byte>=@res("../src/main/resources/com/ibm/icu/impl/data/icudata/zone/en_IO.res")
let impl_data_icudata_zone_sd_IN_res:Array<Byte>=@res("../src/main/resources/com/ibm/icu/impl/data/icudata/zone/sd_IN.res")
let impl_data_icudata_zone_en_HK_res:Array<Byte>=@res("../src/main/resources/com/ibm/icu/impl/data/icudata/zone/en_HK.res")
let impl_data_icudata_zone_en_GD_res:Array<Byte>=@res("../src/main/resources/com/ibm/icu/impl/data/icudata/zone/en_GD.res")
let impl_data_icudata_zone_en_GS_res:Array<Byte>=@res("../src/main/resources/com/ibm/icu/impl/data/icudata/zone/en_GS.res")
let impl_data_icudata_zone_mer_res:Array<Byte>=@res("../src/main/resources/com/ibm/icu/impl/data/icudata/zone/mer.res")
let impl_data_icudata_zone_uk_res:Array<Byte>=@res("../src/main/resources/com/ibm/icu/impl/data/icudata/zone/uk.res")
let impl_data_icudata_zone_to_res:Array<Byte>=@res("../src/main/resources/com/ibm/icu/impl/data/icudata/zone/to.res")
let impl_data_icudata_zone_dua_res:Array<Byte>=@res("../src/main/resources/com/ibm/icu/impl/data/icudata/zone/dua.res")
let impl_data_icudata_zone_or_res:Array<Byte>=@res("../src/main/resources/com/ibm/icu/impl/data/icudata/zone/or.res")
let impl_data_icudata_zone_os_res:Array<Byte>=@res("../src/main/resources/com/ibm/icu/impl/data/icudata/zone/os.res")
let impl_data_icudata_zone_ml_res:Array<Byte>=@res("../src/main/resources/com/ibm/icu/impl/data/icudata/zone/ml.res")
let impl_data_icudata_zone_sd_Arab_PK_res:Array<Byte>=@res("../src/main/resources/com/ibm/icu/impl/data/icudata/zone/sd_Arab_PK.res")
let impl_data_icudata_zone_tn_res:Array<Byte>=@res("../src/main/resources/com/ibm/icu/impl/data/icudata/zone/tn.res")
let impl_data_icudata_zone_he_IL_res:Array<Byte>=@res("../src/main/resources/com/ibm/icu/impl/data/icudata/zone/he_IL.res")
let impl_data_icudata_zone_sah_res:Array<Byte>=@res("../src/main/resources/com/ibm/icu/impl/data/icudata/zone/sah.res")
let impl_data_icudata_zone_yi_res:Array<Byte>=@res("../src/main/resources/com/ibm/icu/impl/data/icudata/zone/yi.res")
let impl_data_icudata_zone_es_PA_res:Array<Byte>=@res("../src/main/resources/com/ibm/icu/impl/data/icudata/zone/es_PA.res")
let impl_data_icudata_zone_en_IN_res:Array<Byte>=@res("../src/main/resources/com/ibm/icu/impl/data/icudata/zone/en_IN.res")
let impl_data_icudata_zone_lmo_res:Array<Byte>=@res("../src/main/resources/com/ibm/icu/impl/data/icudata/zone/lmo.res")
let impl_data_icudata_zone_en_PL_res:Array<Byte>=@res("../src/main/resources/com/ibm/icu/impl/data/icudata/zone/en_PL.res")
let impl_data_icudata_zone_ff_Latn_GN_res:Array<Byte>=@res("../src/main/resources/com/ibm/icu/impl/data/icudata/zone/ff_Latn_GN.res")
let impl_data_icudata_zone_en_SB_res:Array<Byte>=@res("../src/main/resources/com/ibm/icu/impl/data/icudata/zone/en_SB.res")
let impl_data_icudata_zone_en_PN_res:Array<Byte>=@res("../src/main/resources/com/ibm/icu/impl/data/icudata/zone/en_PN.res")
let impl_data_icudata_zone_yav_res:Array<Byte>=@res("../src/main/resources/com/ibm/icu/impl/data/icudata/zone/yav.res")
let impl_data_icudata_zone_ko_KP_res:Array<Byte>=@res("../src/main/resources/com/ibm/icu/impl/data/icudata/zone/ko_KP.res")
let impl_data_icudata_zone_en_IL_res:Array<Byte>=@res("../src/main/resources/com/ibm/icu/impl/data/icudata/zone/en_IL.res")
let impl_data_icudata_zone_en_GG_res:Array<Byte>=@res("../src/main/resources/com/ibm/icu/impl/data/icudata/zone/en_GG.res")
let impl_data_icudata_zone_en_DK_res:Array<Byte>=@res("../src/main/resources/com/ibm/icu/impl/data/icudata/zone/en_DK.res")
let impl_data_icudata_zone_gsw_res:Array<Byte>=@res("../src/main/resources/com/ibm/icu/impl/data/icudata/zone/gsw.res")
let impl_data_icudata_zone_res_index_res:Array<Byte>=@res("../src/main/resources/com/ibm/icu/impl/data/icudata/zone/res_index.res")
let impl_data_icudata_zone_ckb_res:Array<Byte>=@res("../src/main/resources/com/ibm/icu/impl/data/icudata/zone/ckb.res")
let impl_data_icudata_zone_az_Latn_res:Array<Byte>=@res("../src/main/resources/com/ibm/icu/impl/data/icudata/zone/az_Latn.res")
let impl_data_icudata_zone_tl_res:Array<Byte>=@res("../src/main/resources/com/ibm/icu/impl/data/icudata/zone/tl.res")
let impl_data_icudata_zone_ce_res:Array<Byte>=@res("../src/main/resources/com/ibm/icu/impl/data/icudata/zone/ce.res")
let impl_data_icudata_zone_az_res:Array<Byte>=@res("../src/main/resources/com/ibm/icu/impl/data/icudata/zone/az.res")
let impl_data_icudata_zone_am_res:Array<Byte>=@res("../src/main/resources/com/ibm/icu/impl/data/icudata/zone/am.res")
let impl_data_icudata_zone_my_res:Array<Byte>=@res("../src/main/resources/com/ibm/icu/impl/data/icudata/zone/my.res")
let impl_data_icudata_zone_nb_res:Array<Byte>=@res("../src/main/resources/com/ibm/icu/impl/data/icudata/zone/nb.res")
let impl_data_icudata_zone_mn_res:Array<Byte>=@res("../src/main/resources/com/ibm/icu/impl/data/icudata/zone/mn.res")
let impl_data_icudata_zone_mo_res:Array<Byte>=@res("../src/main/resources/com/ibm/icu/impl/data/icudata/zone/mo.res")
let impl_data_icudata_zone_es_EC_res:Array<Byte>=@res("../src/main/resources/com/ibm/icu/impl/data/icudata/zone/es_EC.res")
let impl_data_icudata_zone_yrl_VE_res:Array<Byte>=@res("../src/main/resources/com/ibm/icu/impl/data/icudata/zone/yrl_VE.res")
let impl_data_icudata_zone_cs_res:Array<Byte>=@res("../src/main/resources/com/ibm/icu/impl/data/icudata/zone/cs.res")
let impl_data_icudata_zone_mgo_res:Array<Byte>=@res("../src/main/resources/com/ibm/icu/impl/data/icudata/zone/mgo.res")
let impl_data_icudata_zone_sbp_res:Array<Byte>=@res("../src/main/resources/com/ibm/icu/impl/data/icudata/zone/sbp.res")
let impl_data_icudata_zone_kea_res:Array<Byte>=@res("../src/main/resources/com/ibm/icu/impl/data/icudata/zone/kea.res")
let impl_data_icudata_zone_kde_res:Array<Byte>=@res("../src/main/resources/com/ibm/icu/impl/data/icudata/zone/kde.res")
let impl_data_icudata_zone_nn_NO_res:Array<Byte>=@res("../src/main/resources/com/ibm/icu/impl/data/icudata/zone/nn_NO.res")
let impl_data_icudata_zone_en_IM_res:Array<Byte>=@res("../src/main/resources/com/ibm/icu/impl/data/icudata/zone/en_IM.res")
let impl_data_icudata_zone_yue_res:Array<Byte>=@res("../src/main/resources/com/ibm/icu/impl/data/icudata/zone/yue.res")
let impl_data_icudata_zone_khq_res:Array<Byte>=@res("../src/main/resources/com/ibm/icu/impl/data/icudata/zone/khq.res")
let impl_data_icudata_zone_kkj_res:Array<Byte>=@res("../src/main/resources/com/ibm/icu/impl/data/icudata/zone/kkj.res")
let impl_data_icudata_zone_en_KE_res:Array<Byte>=@res("../src/main/resources/com/ibm/icu/impl/data/icudata/zone/en_KE.res")
let impl_data_icudata_zone_en_SC_res:Array<Byte>=@res("../src/main/resources/com/ibm/icu/impl/data/icudata/zone/en_SC.res")
let impl_data_icudata_zone_zh_HK_res:Array<Byte>=@res("../src/main/resources/com/ibm/icu/impl/data/icudata/zone/zh_HK.res")
let impl_data_icudata_zone_ff_CM_res:Array<Byte>=@res("../src/main/resources/com/ibm/icu/impl/data/icudata/zone/ff_CM.res")
let impl_data_icudata_zone_en_MU_res:Array<Byte>=@res("../src/main/resources/com/ibm/icu/impl/data/icudata/zone/en_MU.res")
let impl_data_icudata_zone_nso_res:Array<Byte>=@res("../src/main/resources/com/ibm/icu/impl/data/icudata/zone/nso.res")
let impl_data_icudata_zone_sr_Latn_RS_res:Array<Byte>=@res("../src/main/resources/com/ibm/icu/impl/data/icudata/zone/sr_Latn_RS.res")
let impl_data_icudata_zone_en_BM_res:Array<Byte>=@res("../src/main/resources/com/ibm/icu/impl/data/icudata/zone/en_BM.res")
let impl_data_icudata_zone_en_BZ_res:Array<Byte>=@res("../src/main/resources/com/ibm/icu/impl/data/icudata/zone/en_BZ.res")
let impl_data_icudata_zone_sr_YU_res:Array<Byte>=@res("../src/main/resources/com/ibm/icu/impl/data/icudata/zone/sr_YU.res")
let impl_data_icudata_zone_pt_LU_res:Array<Byte>=@res("../src/main/resources/com/ibm/icu/impl/data/icudata/zone/pt_LU.res")
let impl_data_icudata_zone_es_VE_res:Array<Byte>=@res("../src/main/resources/com/ibm/icu/impl/data/icudata/zone/es_VE.res")
let impl_data_icudata_zone_ses_res:Array<Byte>=@res("../src/main/resources/com/ibm/icu/impl/data/icudata/zone/ses.res")
let impl_data_icudata_zone_sn_res:Array<Byte>=@res("../src/main/resources/com/ibm/icu/impl/data/icudata/zone/sn.res")
let impl_data_icudata_zone_no_NO_NY_res:Array<Byte>=@res("../src/main/resources/com/ibm/icu/impl/data/icudata/zone/no_NO_NY.res")
let impl_data_icudata_zone_fo_res:Array<Byte>=@res("../src/main/resources/com/ibm/icu/impl/data/icudata/zone/fo.res")
let impl_data_icudata_zone_et_res:Array<Byte>=@res("../src/main/resources/com/ibm/icu/impl/data/icudata/zone/et.res")
let impl_data_icudata_zone_es_MX_res:Array<Byte>=@res("../src/main/resources/com/ibm/icu/impl/data/icudata/zone/es_MX.res")
let impl_data_icudata_zone_iw_res:Array<Byte>=@res("../src/main/resources/com/ibm/icu/impl/data/icudata/zone/iw.res")
let impl_data_icudata_zone_sr_Cyrl_YU_res:Array<Byte>=@res("../src/main/resources/com/ibm/icu/impl/data/icudata/zone/sr_Cyrl_YU.res")
let impl_data_icudata_zone_he_res:Array<Byte>=@res("../src/main/resources/com/ibm/icu/impl/data/icudata/zone/he.res")
let impl_data_icudata_zone_es_CR_res:Array<Byte>=@res("../src/main/resources/com/ibm/icu/impl/data/icudata/zone/es_CR.res")
let impl_data_icudata_zone_ia_res:Array<Byte>=@res("../src/main/resources/com/ibm/icu/impl/data/icudata/zone/ia.res")
let impl_data_icudata_zone_twq_res:Array<Byte>=@res("../src/main/resources/com/ibm/icu/impl/data/icudata/zone/twq.res")
let impl_data_icudata_zone_ki_res:Array<Byte>=@res("../src/main/resources/com/ibm/icu/impl/data/icudata/zone/ki.res")
let impl_data_icudata_zone_hr_res:Array<Byte>=@res("../src/main/resources/com/ibm/icu/impl/data/icudata/zone/hr.res")
let impl_data_icudata_zone_iw_IL_res:Array<Byte>=@res("../src/main/resources/com/ibm/icu/impl/data/icudata/zone/iw_IL.res")
let impl_data_icudata_zone_ks_Arab_res:Array<Byte>=@res("../src/main/resources/com/ibm/icu/impl/data/icudata/zone/ks_Arab.res")
let impl_data_icudata_zone_fy_res:Array<Byte>=@res("../src/main/resources/com/ibm/icu/impl/data/icudata/zone/fy.res")
let impl_data_icudata_zone_vai_res:Array<Byte>=@res("../src/main/resources/com/ibm/icu/impl/data/icudata/zone/vai.res")
let impl_data_icudata_zone_eu_res:Array<Byte>=@res("../src/main/resources/com/ibm/icu/impl/data/icudata/zone/eu.res")
let impl_data_icudata_zone_shi_Tfng_res:Array<Byte>=@res("../src/main/resources/com/ibm/icu/impl/data/icudata/zone/shi_Tfng.res")
let impl_data_icudata_zone_mai_res:Array<Byte>=@res("../src/main/resources/com/ibm/icu/impl/data/icudata/zone/mai.res")
let impl_data_icudata_zone_jgo_res:Array<Byte>=@res("../src/main/resources/com/ibm/icu/impl/data/icudata/zone/jgo.res")
let impl_data_icudata_zone_so_res:Array<Byte>=@res("../src/main/resources/com/ibm/icu/impl/data/icudata/zone/so.res")
let impl_data_icudata_zone_pt_res:Array<Byte>=@res("../src/main/resources/com/ibm/icu/impl/data/icudata/zone/pt.res")
let impl_data_icudata_zone_rof_res:Array<Byte>=@res("../src/main/resources/com/ibm/icu/impl/data/icudata/zone/rof.res")
let impl_data_icudata_zone_en_CH_res:Array<Byte>=@res("../src/main/resources/com/ibm/icu/impl/data/icudata/zone/en_CH.res")
let impl_data_icudata_zone_vai_LR_res:Array<Byte>=@res("../src/main/resources/com/ibm/icu/impl/data/icudata/zone/vai_LR.res")
let impl_data_icudata_zone_id_ID_res:Array<Byte>=@res("../src/main/resources/com/ibm/icu/impl/data/icudata/zone/id_ID.res")
let impl_data_icudata_zone_en_NO_res:Array<Byte>=@res("../src/main/resources/com/ibm/icu/impl/data/icudata/zone/en_NO.res")
let impl_data_icudata_zone_en_MT_res:Array<Byte>=@res("../src/main/resources/com/ibm/icu/impl/data/icudata/zone/en_MT.res")
let impl_data_icudata_zone_en_TV_res:Array<Byte>=@res("../src/main/resources/com/ibm/icu/impl/data/icudata/zone/en_TV.res")
let impl_data_icudata_zone_en_TT_res:Array<Byte>=@res("../src/main/resources/com/ibm/icu/impl/data/icudata/zone/en_TT.res")
let impl_data_icudata_zone_en_TC_res:Array<Byte>=@res("../src/main/resources/com/ibm/icu/impl/data/icudata/zone/en_TC.res")
let impl_data_icudata_zone_yue_Hans_CN_res:Array<Byte>=@res("../src/main/resources/com/ibm/icu/impl/data/icudata/zone/yue_Hans_CN.res")
let impl_data_icudata_zone_en_UG_res:Array<Byte>=@res("../src/main/resources/com/ibm/icu/impl/data/icudata/zone/en_UG.res")
let impl_data_icudata_zone_ewo_res:Array<Byte>=@res("../src/main/resources/com/ibm/icu/impl/data/icudata/zone/ewo.res")
let impl_data_icudata_zone_ff_MR_res:Array<Byte>=@res("../src/main/resources/com/ibm/icu/impl/data/icudata/zone/ff_MR.res")
let impl_data_icudata_zone_en_LR_res:Array<Byte>=@res("../src/main/resources/com/ibm/icu/impl/data/icudata/zone/en_LR.res")
let impl_data_icudata_zone_en_MV_res:Array<Byte>=@res("../src/main/resources/com/ibm/icu/impl/data/icudata/zone/en_MV.res")
let impl_data_icudata_zone_en_NZ_res:Array<Byte>=@res("../src/main/resources/com/ibm/icu/impl/data/icudata/zone/en_NZ.res")
let impl_data_icudata_zone_en_AU_res:Array<Byte>=@res("../src/main/resources/com/ibm/icu/impl/data/icudata/zone/en_AU.res")
let impl_data_icudata_zone_kam_res:Array<Byte>=@res("../src/main/resources/com/ibm/icu/impl/data/icudata/zone/kam.res")
let impl_data_icudata_zone_qu_EC_res:Array<Byte>=@res("../src/main/resources/com/ibm/icu/impl/data/icudata/zone/qu_EC.res")
let impl_data_icudata_zone_vun_res:Array<Byte>=@res("../src/main/resources/com/ibm/icu/impl/data/icudata/zone/vun.res")
let impl_data_icudata_zone_dje_res:Array<Byte>=@res("../src/main/resources/com/ibm/icu/impl/data/icudata/zone/dje.res")
let impl_data_icudata_zone_pa_res:Array<Byte>=@res("../src/main/resources/com/ibm/icu/impl/data/icudata/zone/pa.res")
let impl_data_icudata_zone_kk_res:Array<Byte>=@res("../src/main/resources/com/ibm/icu/impl/data/icudata/zone/kk.res")
let impl_data_icudata_zone_it_res:Array<Byte>=@res("../src/main/resources/com/ibm/icu/impl/data/icudata/zone/it.res")
let impl_data_icudata_zone_nl_SR_res:Array<Byte>=@res("../src/main/resources/com/ibm/icu/impl/data/icudata/zone/nl_SR.res")
let impl_data_icudata_zone_de_res:Array<Byte>=@res("../src/main/resources/com/ibm/icu/impl/data/icudata/zone/de.res")
let impl_data_icudata_zone_sl_res:Array<Byte>=@res("../src/main/resources/com/ibm/icu/impl/data/icudata/zone/sl.res")
let impl_data_icudata_zone_sr_Cyrl_res:Array<Byte>=@res("../src/main/resources/com/ibm/icu/impl/data/icudata/zone/sr_Cyrl.res")
let impl_data_icudata_zone_root_res:Array<Byte>=@res("../src/main/resources/com/ibm/icu/impl/data/icudata/zone/root.res")
let impl_data_icudata_zone_en_AT_res:Array<Byte>=@res("../src/main/resources/com/ibm/icu/impl/data/icudata/zone/en_AT.res")
let impl_data_icudata_zone_en_CK_res:Array<Byte>=@res("../src/main/resources/com/ibm/icu/impl/data/icudata/zone/en_CK.res")
let impl_data_icudata_zone_bez_res:Array<Byte>=@res("../src/main/resources/com/ibm/icu/impl/data/icudata/zone/bez.res")
let impl_data_icudata_zone_zh_TW_res:Array<Byte>=@res("../src/main/resources/com/ibm/icu/impl/data/icudata/zone/zh_TW.res")
let impl_data_icudata_zone_en_NL_res:Array<Byte>=@res("../src/main/resources/com/ibm/icu/impl/data/icudata/zone/en_NL.res")
let impl_data_icudata_zone_en_MW_res:Array<Byte>=@res("../src/main/resources/com/ibm/icu/impl/data/icudata/zone/en_MW.res")
let impl_data_icudata_zone_bem_res:Array<Byte>=@res("../src/main/resources/com/ibm/icu/impl/data/icudata/zone/bem.res")
let impl_data_icudata_zone_en_LS_res:Array<Byte>=@res("../src/main/resources/com/ibm/icu/impl/data/icudata/zone/en_LS.res")
let impl_data_icudata_zone_bs_Latn_res:Array<Byte>=@res("../src/main/resources/com/ibm/icu/impl/data/icudata/zone/bs_Latn.res")
let impl_data_icudata_zone_nds_res:Array<Byte>=@res("../src/main/resources/com/ibm/icu/impl/data/icudata/zone/nds.res")
let impl_data_icudata_zone_ks_IN_res:Array<Byte>=@res("../src/main/resources/com/ibm/icu/impl/data/icudata/zone/ks_IN.res")
let impl_data_icudata_zone_gaa_res:Array<Byte>=@res("../src/main/resources/com/ibm/icu/impl/data/icudata/zone/gaa.res")
let impl_data_icudata_zone_sr_ME_res:Array<Byte>=@res("../src/main/resources/com/ibm/icu/impl/data/icudata/zone/sr_ME.res")
let impl_data_icudata_zone_su_Latn_ID_res:Array<Byte>=@res("../src/main/resources/com/ibm/icu/impl/data/icudata/zone/su_Latn_ID.res")
let impl_data_icudata_zone_en_ZM_res:Array<Byte>=@res("../src/main/resources/com/ibm/icu/impl/data/icudata/zone/en_ZM.res")
let impl_data_icudata_zone_mni_IN_res:Array<Byte>=@res("../src/main/resources/com/ibm/icu/impl/data/icudata/zone/mni_IN.res")
let impl_data_icudata_zone_raj_res:Array<Byte>=@res("../src/main/resources/com/ibm/icu/impl/data/icudata/zone/raj.res")
let impl_data_icudata_zone_en_MS_res:Array<Byte>=@res("../src/main/resources/com/ibm/icu/impl/data/icudata/zone/en_MS.res")
let impl_data_icudata_zone_en_NH_res:Array<Byte>=@res("../src/main/resources/com/ibm/icu/impl/data/icudata/zone/en_NH.res")
let impl_data_icudata_zone_en_CX_res:Array<Byte>=@res("../src/main/resources/com/ibm/icu/impl/data/icudata/zone/en_CX.res")
let impl_data_icudata_zone_en_AG_res:Array<Byte>=@res("../src/main/resources/com/ibm/icu/impl/data/icudata/zone/en_AG.res")
let impl_data_icudata_zone_ps_res:Array<Byte>=@res("../src/main/resources/com/ibm/icu/impl/data/icudata/zone/ps.res")
let impl_data_icudata_zone_sh_res:Array<Byte>=@res("../src/main/resources/com/ibm/icu/impl/data/icudata/zone/sh.res")
let impl_data_icudata_zone_ta_SG_res:Array<Byte>=@res("../src/main/resources/com/ibm/icu/impl/data/icudata/zone/ta_SG.res")
let impl_data_icudata_zone_da_res:Array<Byte>=@res("../src/main/resources/com/ibm/icu/impl/data/icudata/zone/da.res")
let impl_data_icudata_zone_ee_res:Array<Byte>=@res("../src/main/resources/com/ibm/icu/impl/data/icudata/zone/ee.res")
let impl_data_icudata_zone_fi_res:Array<Byte>=@res("../src/main/resources/com/ibm/icu/impl/data/icudata/zone/fi.res")
let impl_data_icudata_zone_ky_res:Array<Byte>=@res("../src/main/resources/com/ibm/icu/impl/data/icudata/zone/ky.res")
let impl_data_icudata_zone_es_CU_res:Array<Byte>=@res("../src/main/resources/com/ibm/icu/impl/data/icudata/zone/es_CU.res")
let impl_data_icudata_zone_dsb_res:Array<Byte>=@res("../src/main/resources/com/ibm/icu/impl/data/icudata/zone/dsb.res")
let impl_data_icudata_zone_kxv_Deva_res:Array<Byte>=@res("../src/main/resources/com/ibm/icu/impl/data/icudata/zone/kxv_Deva.res")
let impl_data_icudata_zone_hu_res:Array<Byte>=@res("../src/main/resources/com/ibm/icu/impl/data/icudata/zone/hu.res")
let impl_data_icudata_zone_kn_res:Array<Byte>=@res("../src/main/resources/com/ibm/icu/impl/data/icudata/zone/kn.res")
let impl_data_icudata_zone_ko_res:Array<Byte>=@res("../src/main/resources/com/ibm/icu/impl/data/icudata/zone/ko.res")
let impl_data_icudata_zone_ig_res:Array<Byte>=@res("../src/main/resources/com/ibm/icu/impl/data/icudata/zone/ig.res")
let impl_data_icudata_zone_es_res:Array<Byte>=@res("../src/main/resources/com/ibm/icu/impl/data/icudata/zone/es.res")
let impl_data_icudata_zone_gl_res:Array<Byte>=@res("../src/main/resources/com/ibm/icu/impl/data/icudata/zone/gl.res")
let impl_data_icudata_zone_rm_res:Array<Byte>=@res("../src/main/resources/com/ibm/icu/impl/data/icudata/zone/rm.res")
let impl_data_icudata_zone_si_res:Array<Byte>=@res("../src/main/resources/com/ibm/icu/impl/data/icudata/zone/si.res")
let impl_data_icudata_zone_es_UY_res:Array<Byte>=@res("../src/main/resources/com/ibm/icu/impl/data/icudata/zone/es_UY.res")
let impl_data_icudata_zone_bho_res:Array<Byte>=@res("../src/main/resources/com/ibm/icu/impl/data/icudata/zone/bho.res")
let impl_data_icudata_zone_uz_Latn_UZ_res:Array<Byte>=@res("../src/main/resources/com/ibm/icu/impl/data/icudata/zone/uz_Latn_UZ.res")
let impl_data_icudata_zone_en_CY_res:Array<Byte>=@res("../src/main/resources/com/ibm/icu/impl/data/icudata/zone/en_CY.res")
let impl_data_icudata_zone_kln_res:Array<Byte>=@res("../src/main/resources/com/ibm/icu/impl/data/icudata/zone/kln.res")
let impl_data_icudata_zone_zh_Hans_CN_res:Array<Byte>=@res("../src/main/resources/com/ibm/icu/impl/data/icudata/zone/zh_Hans_CN.res")
let impl_data_icudata_zone_zh_CN_res:Array<Byte>=@res("../src/main/resources/com/ibm/icu/impl/data/icudata/zone/zh_CN.res")
let impl_data_icudata_zone_en_MG_res:Array<Byte>=@res("../src/main/resources/com/ibm/icu/impl/data/icudata/zone/en_MG.res")
let impl_data_icudata_zone_pt_CH_res:Array<Byte>=@res("../src/main/resources/com/ibm/icu/impl/data/icudata/zone/pt_CH.res")
let impl_data_icudata_zone_en_LC_res:Array<Byte>=@res("../src/main/resources/com/ibm/icu/impl/data/icudata/zone/en_LC.res")
let impl_data_icudata_zone_en_MP_res:Array<Byte>=@res("../src/main/resources/com/ibm/icu/impl/data/icudata/zone/en_MP.res")
let impl_data_icudata_zone_az_AZ_res:Array<Byte>=@res("../src/main/resources/com/ibm/icu/impl/data/icudata/zone/az_AZ.res")
let impl_data_icudata_zone_ro_res:Array<Byte>=@res("../src/main/resources/com/ibm/icu/impl/data/icudata/zone/ro.res")
let impl_data_icudata_zone_sk_res:Array<Byte>=@res("../src/main/resources/com/ibm/icu/impl/data/icudata/zone/sk.res")
let impl_data_icudata_zone_se_FI_res:Array<Byte>=@res("../src/main/resources/com/ibm/icu/impl/data/icudata/zone/se_FI.res")
let impl_data_icudata_zone_uz_UZ_res:Array<Byte>=@res("../src/main/resources/com/ibm/icu/impl/data/icudata/zone/uz_UZ.res")
let impl_data_icudata_zone_ie_res:Array<Byte>=@res("../src/main/resources/com/ibm/icu/impl/data/icudata/zone/ie.res")
let impl_data_icudata_zone_es_BR_res:Array<Byte>=@res("../src/main/resources/com/ibm/icu/impl/data/icudata/zone/es_BR.res")
let impl_data_icudata_zone_ha_res:Array<Byte>=@res("../src/main/resources/com/ibm/icu/impl/data/icudata/zone/ha.res")
let impl_data_icudata_zone_km_res:Array<Byte>=@res("../src/main/resources/com/ibm/icu/impl/data/icudata/zone/km.res")
let impl_data_icudata_zone_kl_res:Array<Byte>=@res("../src/main/resources/com/ibm/icu/impl/data/icudata/zone/kl.res")
let impl_data_icudata_zone_fil_res:Array<Byte>=@res("../src/main/resources/com/ibm/icu/impl/data/icudata/zone/fil.res")
let impl_data_icudata_zone_is_res:Array<Byte>=@res("../src/main/resources/com/ibm/icu/impl/data/icudata/zone/is.res")
let impl_data_icudata_zone_sh_YU_res:Array<Byte>=@res("../src/main/resources/com/ibm/icu/impl/data/icudata/zone/sh_YU.res")
let impl_data_icudata_zone_id_res:Array<Byte>=@res("../src/main/resources/com/ibm/icu/impl/data/icudata/zone/id.res")
let impl_data_icudata_zone_rn_res:Array<Byte>=@res("../src/main/resources/com/ibm/icu/impl/data/icudata/zone/rn.res")
let impl_data_icudata_zone_qu_res:Array<Byte>=@res("../src/main/resources/com/ibm/icu/impl/data/icudata/zone/qu.res")
let impl_data_icudata_zone_uz_Latn_res:Array<Byte>=@res("../src/main/resources/com/ibm/icu/impl/data/icudata/zone/uz_Latn.res")
let impl_data_icudata_zone_en_CM_res:Array<Byte>=@res("../src/main/resources/com/ibm/icu/impl/data/icudata/zone/en_CM.res")
let impl_data_icudata_zone_en_CZ_res:Array<Byte>=@res("../src/main/resources/com/ibm/icu/impl/data/icudata/zone/en_CZ.res")
let impl_data_icudata_zone_en_AE_res:Array<Byte>=@res("../src/main/resources/com/ibm/icu/impl/data/icudata/zone/en_AE.res")
let impl_data_icudata_zone_bgc_res:Array<Byte>=@res("../src/main/resources/com/ibm/icu/impl/data/icudata/zone/bgc.res")
let impl_data_icudata_zone_zh_Hant_MO_res:Array<Byte>=@res("../src/main/resources/com/ibm/icu/impl/data/icudata/zone/zh_Hant_MO.res")
let impl_data_icudata_kde_TZ_res:Array<Byte>=@res("../src/main/resources/com/ibm/icu/impl/data/icudata/kde_TZ.res")
let impl_data_icudata_sat_Olck_res:Array<Byte>=@res("../src/main/resources/com/ibm/icu/impl/data/icudata/sat_Olck.res")
let impl_data_icudata_ar_AE_res:Array<Byte>=@res("../src/main/resources/com/ibm/icu/impl/data/icudata/ar_AE.res")
let impl_data_icudata_mai_IN_res:Array<Byte>=@res("../src/main/resources/com/ibm/icu/impl/data/icudata/mai_IN.res")
let impl_data_icudata_ta_LK_res:Array<Byte>=@res("../src/main/resources/com/ibm/icu/impl/data/icudata/ta_LK.res")
let impl_data_icudata_et_EE_res:Array<Byte>=@res("../src/main/resources/com/ibm/icu/impl/data/icudata/et_EE.res")
let impl_data_icudata_nl_res:Array<Byte>=@res("../src/main/resources/com/ibm/icu/impl/data/icudata/nl.res")
let impl_data_icudata_ar_BH_res:Array<Byte>=@res("../src/main/resources/com/ibm/icu/impl/data/icudata/ar_BH.res")
let impl_data_icudata_rfc4518_spp:Array<Byte>=@res("../src/main/resources/com/ibm/icu/impl/data/icudata/rfc4518.spp")
let impl_data_icudata_se_NO_res:Array<Byte>=@res("../src/main/resources/com/ibm/icu/impl/data/icudata/se_NO.res")
let impl_data_icudata_ksf_CM_res:Array<Byte>=@res("../src/main/resources/com/ibm/icu/impl/data/icudata/ksf_CM.res")
let impl_data_icudata_blo_BJ_res:Array<Byte>=@res("../src/main/resources/com/ibm/icu/impl/data/icudata/blo_BJ.res")
let impl_data_icudata_bo_res:Array<Byte>=@res("../src/main/resources/com/ibm/icu/impl/data/icudata/bo.res")
let impl_data_icudata_dyo_res:Array<Byte>=@res("../src/main/resources/com/ibm/icu/impl/data/icudata/dyo.res")
let impl_data_icudata_grammaticalFeatures_res:Array<Byte>=@res("../src/main/resources/com/ibm/icu/impl/data/icudata/grammaticalFeatures.res")
let impl_data_icudata_fr_HT_res:Array<Byte>=@res("../src/main/resources/com/ibm/icu/impl/data/icudata/fr_HT.res")
let impl_data_icudata_es_SV_res:Array<Byte>=@res("../src/main/resources/com/ibm/icu/impl/data/icudata/es_SV.res")
let impl_data_icudata_nds_NL_res:Array<Byte>=@res("../src/main/resources/com/ibm/icu/impl/data/icudata/nds_NL.res")
let impl_data_icudata_nl_BQ_res:Array<Byte>=@res("../src/main/resources/com/ibm/icu/impl/data/icudata/nl_BQ.res")
let impl_data_icudata_en_DE_res:Array<Byte>=@res("../src/main/resources/com/ibm/icu/impl/data/icudata/en_DE.res")
let impl_data_icudata_prg_res:Array<Byte>=@res("../src/main/resources/com/ibm/icu/impl/data/icudata/prg.res")
let impl_data_icudata_en_FM_res:Array<Byte>=@res("../src/main/resources/com/ibm/icu/impl/data/icudata/en_FM.res")
let impl_data_icudata_en_GI_res:Array<Byte>=@res("../src/main/resources/com/ibm/icu/impl/data/icudata/en_GI.res")
let impl_data_icudata_ms_SG_res:Array<Byte>=@res("../src/main/resources/com/ibm/icu/impl/data/icudata/ms_SG.res")
let impl_data_icudata_tr_TR_res:Array<Byte>=@res("../src/main/resources/com/ibm/icu/impl/data/icudata/tr_TR.res")
let impl_data_icudata_uz_Arab_res:Array<Byte>=@res("../src/main/resources/com/ibm/icu/impl/data/icudata/uz_Arab.res")
let impl_data_icudata_sr_Latn_BA_res:Array<Byte>=@res("../src/main/resources/com/ibm/icu/impl/data/icudata/sr_Latn_BA.res")
let impl_data_icudata_ar_001_res:Array<Byte>=@res("../src/main/resources/com/ibm/icu/impl/data/icudata/ar_001.res")
let impl_data_icudata_uz_Arab_AF_res:Array<Byte>=@res("../src/main/resources/com/ibm/icu/impl/data/icudata/uz_Arab_AF.res")
let impl_data_icudata_timezoneTypes_res:Array<Byte>=@res("../src/main/resources/com/ibm/icu/impl/data/icudata/timezoneTypes.res")
let impl_data_icudata_yue_Hant_HK_res:Array<Byte>=@res("../src/main/resources/com/ibm/icu/impl/data/icudata/yue_Hant_HK.res")
let impl_data_icudata_en_RH_res:Array<Byte>=@res("../src/main/resources/com/ibm/icu/impl/data/icudata/en_RH.res")
let impl_data_icudata_en_SL_res:Array<Byte>=@res("../src/main/resources/com/ibm/icu/impl/data/icudata/en_SL.res")
let impl_data_icudata_en_PW_res:Array<Byte>=@res("../src/main/resources/com/ibm/icu/impl/data/icudata/en_PW.res")
let impl_data_icudata_en_SH_res:Array<Byte>=@res("../src/main/resources/com/ibm/icu/impl/data/icudata/en_SH.res")
let impl_data_icudata_naq_res:Array<Byte>=@res("../src/main/resources/com/ibm/icu/impl/data/icudata/naq.res")
let impl_data_icudata_lrc_IQ_res:Array<Byte>=@res("../src/main/resources/com/ibm/icu/impl/data/icudata/lrc_IQ.res")
let impl_data_icudata_zh_Hant_HK_res:Array<Byte>=@res("../src/main/resources/com/ibm/icu/impl/data/icudata/zh_Hant_HK.res")
let impl_data_icudata_ru_KG_res:Array<Byte>=@res("../src/main/resources/com/ibm/icu/impl/data/icudata/ru_KG.res")
let impl_data_icudata_en_KY_res:Array<Byte>=@res("../src/main/resources/com/ibm/icu/impl/data/icudata/en_KY.res")
let impl_data_icudata_en_HU_res:Array<Byte>=@res("../src/main/resources/com/ibm/icu/impl/data/icudata/en_HU.res")
let impl_data_icudata_en_KN_res:Array<Byte>=@res("../src/main/resources/com/ibm/icu/impl/data/icudata/en_KN.res")
let impl_data_icudata_lo_LA_res:Array<Byte>=@res("../src/main/resources/com/ibm/icu/impl/data/icudata/lo_LA.res")
let impl_data_icudata_sr_Latn_XK_res:Array<Byte>=@res("../src/main/resources/com/ibm/icu/impl/data/icudata/sr_Latn_XK.res")
let impl_data_icudata_en_GM_res:Array<Byte>=@res("../src/main/resources/com/ibm/icu/impl/data/icudata/en_GM.res")
let impl_data_icudata_en_FI_res:Array<Byte>=@res("../src/main/resources/com/ibm/icu/impl/data/icudata/en_FI.res")
let impl_data_icudata_en_ER_res:Array<Byte>=@res("../src/main/resources/com/ibm/icu/impl/data/icudata/en_ER.res")
let impl_data_icudata_nmg_CM_res:Array<Byte>=@res("../src/main/resources/com/ibm/icu/impl/data/icudata/nmg_CM.res")
let impl_data_icudata_yrl_CO_res:Array<Byte>=@res("../src/main/resources/com/ibm/icu/impl/data/icudata/yrl_CO.res")
let impl_data_icudata_en_150_res:Array<Byte>=@res("../src/main/resources/com/ibm/icu/impl/data/icudata/en_150.res")
let impl_data_icudata_yo_BJ_res:Array<Byte>=@res("../src/main/resources/com/ibm/icu/impl/data/icudata/yo_BJ.res")
let impl_data_icudata_rw_RW_res:Array<Byte>=@res("../src/main/resources/com/ibm/icu/impl/data/icudata/rw_RW.res")
let impl_data_icudata_haw_res:Array<Byte>=@res("../src/main/resources/com/ibm/icu/impl/data/icudata/haw.res")
let impl_data_icudata_km_KH_res:Array<Byte>=@res("../src/main/resources/com/ibm/icu/impl/data/icudata/km_KH.res")
let impl_data_icudata_ms_res:Array<Byte>=@res("../src/main/resources/com/ibm/icu/impl/data/icudata/ms.res")
let impl_data_icudata_mr_res:Array<Byte>=@res("../src/main/resources/com/ibm/icu/impl/data/icudata/mr.res")
let impl_data_icudata_om_res:Array<Byte>=@res("../src/main/resources/com/ibm/icu/impl/data/icudata/om.res")
let impl_data_icudata_lv_res:Array<Byte>=@res("../src/main/resources/com/ibm/icu/impl/data/icudata/lv.res")
let impl_data_icudata_tl_PH_res:Array<Byte>=@res("../src/main/resources/com/ibm/icu/impl/data/icudata/tl_PH.res")
let impl_data_icudata_gu_IN_res:Array<Byte>=@res("../src/main/resources/com/ibm/icu/impl/data/icudata/gu_IN.res")
let impl_data_icudata_xh_ZA_res:Array<Byte>=@res("../src/main/resources/com/ibm/icu/impl/data/icudata/xh_ZA.res")
let impl_data_icudata_ca_ES_res:Array<Byte>=@res("../src/main/resources/com/ibm/icu/impl/data/icudata/ca_ES.res")
let impl_data_icudata_ha_NE_res:Array<Byte>=@res("../src/main/resources/com/ibm/icu/impl/data/icudata/ha_NE.res")
let impl_data_icudata_af_res:Array<Byte>=@res("../src/main/resources/com/ibm/icu/impl/data/icudata/af.res")
let impl_data_icudata_es_HN_res:Array<Byte>=@res("../src/main/resources/com/ibm/icu/impl/data/icudata/es_HN.res")
let impl_data_icudata_cy_res:Array<Byte>=@res("../src/main/resources/com/ibm/icu/impl/data/icudata/cy.res")
let impl_data_icudata_chr_res:Array<Byte>=@res("../src/main/resources/com/ibm/icu/impl/data/icudata/chr.res")
let impl_data_icudata_zgh_res:Array<Byte>=@res("../src/main/resources/com/ibm/icu/impl/data/icudata/zgh.res")
let impl_data_icudata_tg_res:Array<Byte>=@res("../src/main/resources/com/ibm/icu/impl/data/icudata/tg.res")
let impl_data_icudata_teo_res:Array<Byte>=@res("../src/main/resources/com/ibm/icu/impl/data/icudata/teo.res")
let impl_data_icudata_ff_Adlm_NG_res:Array<Byte>=@res("../src/main/resources/com/ibm/icu/impl/data/icudata/ff_Adlm_NG.res")
let impl_data_icudata_es_PH_res:Array<Byte>=@res("../src/main/resources/com/ibm/icu/impl/data/icudata/es_PH.res")
let impl_data_icudata_ceb_res:Array<Byte>=@res("../src/main/resources/com/ibm/icu/impl/data/icudata/ceb.res")
let impl_data_icudata_is_IS_res:Array<Byte>=@res("../src/main/resources/com/ibm/icu/impl/data/icudata/is_IS.res")
let impl_data_icudata_ucase_icu:Array<Byte>=@res("../src/main/resources/com/ibm/icu/impl/data/icudata/ucase.icu")
let impl_data_icudata_naq_NA_res:Array<Byte>=@res("../src/main/resources/com/ibm/icu/impl/data/icudata/naq_NA.res")
let impl_data_icudata_xnr_IN_res:Array<Byte>=@res("../src/main/resources/com/ibm/icu/impl/data/icudata/xnr_IN.res")
let impl_data_icudata_en_ES_res:Array<Byte>=@res("../src/main/resources/com/ibm/icu/impl/data/icudata/en_ES.res")
let impl_data_icudata_ti_ER_res:Array<Byte>=@res("../src/main/resources/com/ibm/icu/impl/data/icudata/ti_ER.res")
let impl_data_icudata_ak_GH_res:Array<Byte>=@res("../src/main/resources/com/ibm/icu/impl/data/icudata/ak_GH.res")
let impl_data_icudata_ccp_IN_res:Array<Byte>=@res("../src/main/resources/com/ibm/icu/impl/data/icudata/ccp_IN.res")
let impl_data_icudata_br_FR_res:Array<Byte>=@res("../src/main/resources/com/ibm/icu/impl/data/icudata/br_FR.res")
let impl_data_icudata_en_SI_res:Array<Byte>=@res("../src/main/resources/com/ibm/icu/impl/data/icudata/en_SI.res")
let impl_data_icudata_en_PR_res:Array<Byte>=@res("../src/main/resources/com/ibm/icu/impl/data/icudata/en_PR.res")
let impl_data_icudata_bgc_IN_res:Array<Byte>=@res("../src/main/resources/com/ibm/icu/impl/data/icudata/bgc_IN.res")
let impl_data_icudata_ksf_res:Array<Byte>=@res("../src/main/resources/com/ibm/icu/impl/data/icudata/ksf.res")
let impl_data_icudata_wae_res:Array<Byte>=@res("../src/main/resources/com/ibm/icu/impl/data/icudata/wae.res")
let impl_data_icudata_nnh_res:Array<Byte>=@res("../src/main/resources/com/ibm/icu/impl/data/icudata/nnh.res")
let impl_data_icudata_en_PG_res:Array<Byte>=@res("../src/main/resources/com/ibm/icu/impl/data/icudata/en_PG.res")
let impl_data_icudata_en_RO_res:Array<Byte>=@res("../src/main/resources/com/ibm/icu/impl/data/icudata/en_RO.res")
let impl_data_icudata_en_SK_res:Array<Byte>=@res("../src/main/resources/com/ibm/icu/impl/data/icudata/en_SK.res")
let impl_data_icudata_pt_PT_res:Array<Byte>=@res("../src/main/resources/com/ibm/icu/impl/data/icudata/pt_PT.res")
let impl_data_icudata_lrc_IR_res:Array<Byte>=@res("../src/main/resources/com/ibm/icu/impl/data/icudata/lrc_IR.res")
let impl_data_icudata_en_IE_res:Array<Byte>=@res("../src/main/resources/com/ibm/icu/impl/data/icudata/en_IE.res")
let impl_data_icudata_bs_Cyrl_res:Array<Byte>=@res("../src/main/resources/com/ibm/icu/impl/data/icudata/bs_Cyrl.res")
let impl_data_icudata_en_GY_res:Array<Byte>=@res("../src/main/resources/com/ibm/icu/impl/data/icudata/en_GY.res")
let impl_data_icudata_en_FJ_res:Array<Byte>=@res("../src/main/resources/com/ibm/icu/impl/data/icudata/en_FJ.res")
let impl_data_icudata_mas_KE_res:Array<Byte>=@res("../src/main/resources/com/ibm/icu/impl/data/icudata/mas_KE.res")
let impl_data_icudata_sv_AX_res:Array<Byte>=@res("../src/main/resources/com/ibm/icu/impl/data/icudata/sv_AX.res")
let impl_data_icudata_lag_res:Array<Byte>=@res("../src/main/resources/com/ibm/icu/impl/data/icudata/lag.res")
let impl_data_icudata_blo_res:Array<Byte>=@res("../src/main/resources/com/ibm/icu/impl/data/icudata/blo.res")
let impl_data_icudata_ff_Adlm_NE_res:Array<Byte>=@res("../src/main/resources/com/ibm/icu/impl/data/icudata/ff_Adlm_NE.res")
let impl_data_icudata_so_KE_res:Array<Byte>=@res("../src/main/resources/com/ibm/icu/impl/data/icudata/so_KE.res")
let impl_data_icudata_es_419_res:Array<Byte>=@res("../src/main/resources/com/ibm/icu/impl/data/icudata/es_419.res")
let impl_data_icudata_sat_res:Array<Byte>=@res("../src/main/resources/com/ibm/icu/impl/data/icudata/sat.res")
let impl_data_icudata_ar_YE_res:Array<Byte>=@res("../src/main/resources/com/ibm/icu/impl/data/icudata/ar_YE.res")
let impl_data_icudata_ff_Adlm_BF_res:Array<Byte>=@res("../src/main/resources/com/ibm/icu/impl/data/icudata/ff_Adlm_BF.res")
let impl_data_icudata_te_res:Array<Byte>=@res("../src/main/resources/com/ibm/icu/impl/data/icudata/te.res")
let impl_data_icudata_so_DJ_res:Array<Byte>=@res("../src/main/resources/com/ibm/icu/impl/data/icudata/so_DJ.res")
let impl_data_icudata_tr_res:Array<Byte>=@res("../src/main/resources/com/ibm/icu/impl/data/icudata/tr.res")
let impl_data_icudata_to_TO_res:Array<Byte>=@res("../src/main/resources/com/ibm/icu/impl/data/icudata/to_TO.res")
let impl_data_icudata_ha_NG_res:Array<Byte>=@res("../src/main/resources/com/ibm/icu/impl/data/icudata/ha_NG.res")
let impl_data_icudata_bem_ZM_res:Array<Byte>=@res("../src/main/resources/com/ibm/icu/impl/data/icudata/bem_ZM.res")
let impl_data_icudata_as_res:Array<Byte>=@res("../src/main/resources/com/ibm/icu/impl/data/icudata/as.res")
let impl_data_icudata_doi_IN_res:Array<Byte>=@res("../src/main/resources/com/ibm/icu/impl/data/icudata/doi_IN.res")
let impl_data_icudata_syr_res:Array<Byte>=@res("../src/main/resources/com/ibm/icu/impl/data/icudata/syr.res")
let impl_data_icudata_mg_res:Array<Byte>=@res("../src/main/resources/com/ibm/icu/impl/data/icudata/mg.res")
let impl_data_icudata_es_GT_res:Array<Byte>=@res("../src/main/resources/com/ibm/icu/impl/data/icudata/es_GT.res")
let impl_data_icudata_sr_Latn_res:Array<Byte>=@res("../src/main/resources/com/ibm/icu/impl/data/icudata/sr_Latn.res")
let impl_data_icudata_es_DO_res:Array<Byte>=@res("../src/main/resources/com/ibm/icu/impl/data/icudata/es_DO.res")
let impl_data_icudata_fr_SY_res:Array<Byte>=@res("../src/main/resources/com/ibm/icu/impl/data/icudata/fr_SY.res")
let impl_data_icudata_pcm_NG_res:Array<Byte>=@res("../src/main/resources/com/ibm/icu/impl/data/icudata/pcm_NG.res")
let impl_data_icudata_lt_res:Array<Byte>=@res("../src/main/resources/com/ibm/icu/impl/data/icudata/lt.res")
let impl_data_icudata_fr_SN_res:Array<Byte>=@res("../src/main/resources/com/ibm/icu/impl/data/icudata/fr_SN.res")
let impl_data_icudata_lu_res:Array<Byte>=@res("../src/main/resources/com/ibm/icu/impl/data/icudata/lu.res")
let impl_data_icudata_st_ZA_res:Array<Byte>=@res("../src/main/resources/com/ibm/icu/impl/data/icudata/st_ZA.res")
let impl_data_icudata_lb_res:Array<Byte>=@res("../src/main/resources/com/ibm/icu/impl/data/icudata/lb.res")
let impl_data_icudata_ar_res:Array<Byte>=@res("../src/main/resources/com/ibm/icu/impl/data/icudata/ar.res")
let impl_data_icudata_sw_KE_res:Array<Byte>=@res("../src/main/resources/com/ibm/icu/impl/data/icudata/sw_KE.res")
let impl_data_icudata_ar_MA_res:Array<Byte>=@res("../src/main/resources/com/ibm/icu/impl/data/icudata/ar_MA.res")
let impl_data_icudata_tt_RU_res:Array<Byte>=@res("../src/main/resources/com/ibm/icu/impl/data/icudata/tt_RU.res")
let impl_data_icudata_unames_icu:Array<Byte>=@res("../src/main/resources/com/ibm/icu/impl/data/icudata/unames.icu")
let impl_data_icudata_jmc_res:Array<Byte>=@res("../src/main/resources/com/ibm/icu/impl/data/icudata/jmc.res")
let impl_data_icudata_kxv_Telu_res:Array<Byte>=@res("../src/main/resources/com/ibm/icu/impl/data/icudata/kxv_Telu.res")
let impl_data_icudata_saq_KE_res:Array<Byte>=@res("../src/main/resources/com/ibm/icu/impl/data/icudata/saq_KE.res")
let impl_data_icudata_en_FK_res:Array<Byte>=@res("../src/main/resources/com/ibm/icu/impl/data/icudata/en_FK.res")
let impl_data_icudata_ff_SN_res:Array<Byte>=@res("../src/main/resources/com/ibm/icu/impl/data/icudata/ff_SN.res")
let impl_data_icudata_en_ID_res:Array<Byte>=@res("../src/main/resources/com/ibm/icu/impl/data/icudata/en_ID.res")
let impl_data_icudata_ps_PK_res:Array<Byte>=@res("../src/main/resources/com/ibm/icu/impl/data/icudata/ps_PK.res")
let impl_data_icudata_nmg_res:Array<Byte>=@res("../src/main/resources/com/ibm/icu/impl/data/icudata/nmg.res")
let impl_data_icudata_zh_Hans_res:Array<Byte>=@res("../src/main/resources/com/ibm/icu/impl/data/icudata/zh_Hans.res")
let impl_data_icudata_cgg_UG_res:Array<Byte>=@res("../src/main/resources/com/ibm/icu/impl/data/icudata/cgg_UG.res")
let impl_data_icudata_bg_BG_res:Array<Byte>=@res("../src/main/resources/com/ibm/icu/impl/data/icudata/bg_BG.res")
let impl_data_icudata_fo_DK_res:Array<Byte>=@res("../src/main/resources/com/ibm/icu/impl/data/icudata/fo_DK.res")
let impl_data_icudata_rfc3491_spp:Array<Byte>=@res("../src/main/resources/com/ibm/icu/impl/data/icudata/rfc3491.spp")
let impl_data_icudata_luy_res:Array<Byte>=@res("../src/main/resources/com/ibm/icu/impl/data/icudata/luy.res")
let impl_data_icudata_en_PK_res:Array<Byte>=@res("../src/main/resources/com/ibm/icu/impl/data/icudata/en_PK.res")
let impl_data_icudata_sr_Latn_ME_res:Array<Byte>=@res("../src/main/resources/com/ibm/icu/impl/data/icudata/sr_Latn_ME.res")
let impl_data_icudata_ksh_res:Array<Byte>=@res("../src/main/resources/com/ibm/icu/impl/data/icudata/ksh.res")
let impl_data_icudata_en_SG_res:Array<Byte>=@res("../src/main/resources/com/ibm/icu/impl/data/icudata/en_SG.res")
let impl_data_icudata_sg_CF_res:Array<Byte>=@res("../src/main/resources/com/ibm/icu/impl/data/icudata/sg_CF.res")
let impl_data_icudata_pt_ST_res:Array<Byte>=@res("../src/main/resources/com/ibm/icu/impl/data/icudata/pt_ST.res")
let impl_data_icudata_smn_FI_res:Array<Byte>=@res("../src/main/resources/com/ibm/icu/impl/data/icudata/smn_FI.res")
let impl_data_icudata_af_NA_res:Array<Byte>=@res("../src/main/resources/com/ibm/icu/impl/data/icudata/af_NA.res")
let impl_data_icudata_bas_res:Array<Byte>=@res("../src/main/resources/com/ibm/icu/impl/data/icudata/bas.res")
let impl_data_icudata_pt_GQ_res:Array<Byte>=@res("../src/main/resources/com/ibm/icu/impl/data/icudata/pt_GQ.res")
let impl_data_icudata_tok_001_res:Array<Byte>=@res("../src/main/resources/com/ibm/icu/impl/data/icudata/tok_001.res")
let impl_data_icudata_en_JE_res:Array<Byte>=@res("../src/main/resources/com/ibm/icu/impl/data/icudata/en_JE.res")
let impl_data_icudata_en_GU_res:Array<Byte>=@res("../src/main/resources/com/ibm/icu/impl/data/icudata/en_GU.res")
let impl_data_icudata_zh_Hans_SG_res:Array<Byte>=@res("../src/main/resources/com/ibm/icu/impl/data/icudata/zh_Hans_SG.res")
let impl_data_icudata_en_GB_res:Array<Byte>=@res("../src/main/resources/com/ibm/icu/impl/data/icudata/en_GB.res")
let impl_data_icudata_teo_KE_res:Array<Byte>=@res("../src/main/resources/com/ibm/icu/impl/data/icudata/teo_KE.res")
let impl_data_icudata_ff_Latn_SL_res:Array<Byte>=@res("../src/main/resources/com/ibm/icu/impl/data/icudata/ff_Latn_SL.res")
let impl_data_icudata_fr_GP_res:Array<Byte>=@res("../src/main/resources/com/ibm/icu/impl/data/icudata/fr_GP.res")
let impl_data_icudata_ar_TN_res:Array<Byte>=@res("../src/main/resources/com/ibm/icu/impl/data/icudata/ar_TN.res")
let impl_data_icudata_ff_Adlm_MR_res:Array<Byte>=@res("../src/main/resources/com/ibm/icu/impl/data/icudata/ff_Adlm_MR.res")
let impl_data_icudata_it_IT_res:Array<Byte>=@res("../src/main/resources/com/ibm/icu/impl/data/icudata/it_IT.res")
let impl_data_icudata_zu_res:Array<Byte>=@res("../src/main/resources/com/ibm/icu/impl/data/icudata/zu.res")
let impl_data_icudata_vai_Vaii_LR_res:Array<Byte>=@res("../src/main/resources/com/ibm/icu/impl/data/icudata/vai_Vaii_LR.res")
let impl_data_icudata_ks_Deva_IN_res:Array<Byte>=@res("../src/main/resources/com/ibm/icu/impl/data/icudata/ks_Deva_IN.res")
let impl_data_icudata_ast_res:Array<Byte>=@res("../src/main/resources/com/ibm/icu/impl/data/icudata/ast.res")
let impl_data_icudata_ti_res:Array<Byte>=@res("../src/main/resources/com/ibm/icu/impl/data/icudata/ti.res")
let impl_data_icudata_fur_res:Array<Byte>=@res("../src/main/resources/com/ibm/icu/impl/data/icudata/fur.res")
let impl_data_icudata_doi_res:Array<Byte>=@res("../src/main/resources/com/ibm/icu/impl/data/icudata/doi.res")
let impl_data_icudata_kkj_CM_res:Array<Byte>=@res("../src/main/resources/com/ibm/icu/impl/data/icudata/kkj_CM.res")
let impl_data_icudata_rfc4518ci_spp:Array<Byte>=@res("../src/main/resources/com/ibm/icu/impl/data/icudata/rfc4518ci.spp")
let impl_data_icudata_uz_res:Array<Byte>=@res("../src/main/resources/com/ibm/icu/impl/data/icudata/uz.res")
let impl_data_icudata_so_SO_res:Array<Byte>=@res("../src/main/resources/com/ibm/icu/impl/data/icudata/so_SO.res")
let impl_data_icudata_vmw_MZ_res:Array<Byte>=@res("../src/main/resources/com/ibm/icu/impl/data/icudata/vmw_MZ.res")
let impl_data_icudata_it_SM_res:Array<Byte>=@res("../src/main/resources/com/ibm/icu/impl/data/icudata/it_SM.res")
let impl_data_icudata_agq_res:Array<Byte>=@res("../src/main/resources/com/ibm/icu/impl/data/icudata/agq.res")
let impl_data_icudata_bs_res:Array<Byte>=@res("../src/main/resources/com/ibm/icu/impl/data/icudata/bs.res")
let impl_data_icudata_vec_res:Array<Byte>=@res("../src/main/resources/com/ibm/icu/impl/data/icudata/vec.res")
let impl_data_icudata_lo_res:Array<Byte>=@res("../src/main/resources/com/ibm/icu/impl/data/icudata/lo.res")
let impl_data_icudata_mk_res:Array<Byte>=@res("../src/main/resources/com/ibm/icu/impl/data/icudata/mk.res")
let impl_data_icudata_oc_res:Array<Byte>=@res("../src/main/resources/com/ibm/icu/impl/data/icudata/oc.res")
let impl_data_icudata_yo_NG_res:Array<Byte>=@res("../src/main/resources/com/ibm/icu/impl/data/icudata/yo_NG.res")
let impl_data_icudata_zoneinfo64_res:Array<Byte>=@res("../src/main/resources/com/ibm/icu/impl/data/icudata/zoneinfo64.res")
let impl_data_icudata_fr_SC_res:Array<Byte>=@res("../src/main/resources/com/ibm/icu/impl/data/icudata/fr_SC.res")
let impl_data_icudata_vai_Vaii_res:Array<Byte>=@res("../src/main/resources/com/ibm/icu/impl/data/icudata/vai_Vaii.res")
let impl_data_icudata_lu_CD_res:Array<Byte>=@res("../src/main/resources/com/ibm/icu/impl/data/icudata/lu_CD.res")
let impl_data_icudata_ln_res:Array<Byte>=@res("../src/main/resources/com/ibm/icu/impl/data/icudata/ln.res")
let impl_data_icudata_csw_res:Array<Byte>=@res("../src/main/resources/com/ibm/icu/impl/data/icudata/csw.res")
let impl_data_icudata_be_res:Array<Byte>=@res("../src/main/resources/com/ibm/icu/impl/data/icudata/be.res")
let impl_data_icudata_be_BY_res:Array<Byte>=@res("../src/main/resources/com/ibm/icu/impl/data/icudata/be_BY.res")
let impl_data_icudata_dayPeriods_res:Array<Byte>=@res("../src/main/resources/com/ibm/icu/impl/data/icudata/dayPeriods.res")
let impl_data_icudata_ca_res:Array<Byte>=@res("../src/main/resources/com/ibm/icu/impl/data/icudata/ca.res")
let impl_data_icudata_br_res:Array<Byte>=@res("../src/main/resources/com/ibm/icu/impl/data/icudata/br.res")
let impl_data_icudata_cv_res:Array<Byte>=@res("../src/main/resources/com/ibm/icu/impl/data/icudata/cv.res")
let impl_data_icudata_yrl_BR_res:Array<Byte>=@res("../src/main/resources/com/ibm/icu/impl/data/icudata/yrl_BR.res")
let impl_data_icudata_so_ET_res:Array<Byte>=@res("../src/main/resources/com/ibm/icu/impl/data/icudata/so_ET.res")
let impl_data_icudata_th_res:Array<Byte>=@res("../src/main/resources/com/ibm/icu/impl/data/icudata/th.res")
let impl_data_icudata_fr_GF_res:Array<Byte>=@res("../src/main/resources/com/ibm/icu/impl/data/icudata/fr_GF.res")
let impl_data_icudata_cy_GB_res:Array<Byte>=@res("../src/main/resources/com/ibm/icu/impl/data/icudata/cy_GB.res")
let impl_data_icudata_yo_res:Array<Byte>=@res("../src/main/resources/com/ibm/icu/impl/data/icudata/yo.res")
let impl_data_icudata_vi_VN_res:Array<Byte>=@res("../src/main/resources/com/ibm/icu/impl/data/icudata/vi_VN.res")
let impl_data_icudata_ro_RO_res:Array<Byte>=@res("../src/main/resources/com/ibm/icu/impl/data/icudata/ro_RO.res")
let impl_data_icudata_fr_GQ_res:Array<Byte>=@res("../src/main/resources/com/ibm/icu/impl/data/icudata/fr_GQ.res")
let impl_data_icudata_fr_DJ_res:Array<Byte>=@res("../src/main/resources/com/ibm/icu/impl/data/icudata/fr_DJ.res")
let impl_data_icudata_nl_AW_res:Array<Byte>=@res("../src/main/resources/com/ibm/icu/impl/data/icudata/nl_AW.res")
let impl_data_icudata_ky_KG_res:Array<Byte>=@res("../src/main/resources/com/ibm/icu/impl/data/icudata/ky_KG.res")
let impl_data_icudata_hr_BA_res:Array<Byte>=@res("../src/main/resources/com/ibm/icu/impl/data/icudata/hr_BA.res")
let impl_data_icudata_nyn_res:Array<Byte>=@res("../src/main/resources/com/ibm/icu/impl/data/icudata/nyn.res")
let impl_data_icudata_ja_JP_res:Array<Byte>=@res("../src/main/resources/com/ibm/icu/impl/data/icudata/ja_JP.res")
let impl_data_icudata_zgh_MA_res:Array<Byte>=@res("../src/main/resources/com/ibm/icu/impl/data/icudata/zgh_MA.res")
let impl_data_icudata_lkt_US_res:Array<Byte>=@res("../src/main/resources/com/ibm/icu/impl/data/icudata/lkt_US.res")
let impl_data_icudata_nyn_UG_res:Array<Byte>=@res("../src/main/resources/com/ibm/icu/impl/data/icudata/nyn_UG.res")
let impl_data_icudata_sat_Olck_IN_res:Array<Byte>=@res("../src/main/resources/com/ibm/icu/impl/data/icudata/sat_Olck_IN.res")
let impl_data_icudata_or_IN_res:Array<Byte>=@res("../src/main/resources/com/ibm/icu/impl/data/icudata/or_IN.res")
let impl_data_icudata_fa_IR_res:Array<Byte>=@res("../src/main/resources/com/ibm/icu/impl/data/icudata/fa_IR.res")
let impl_data_icudata_ast_ES_res:Array<Byte>=@res("../src/main/resources/com/ibm/icu/impl/data/icudata/ast_ES.res")
let impl_data_icudata_ff_Latn_GH_res:Array<Byte>=@res("../src/main/resources/com/ibm/icu/impl/data/icudata/ff_Latn_GH.res")
let impl_data_icudata_su_ID_res:Array<Byte>=@res("../src/main/resources/com/ibm/icu/impl/data/icudata/su_ID.res")
let impl_data_icudata_ka_GE_res:Array<Byte>=@res("../src/main/resources/com/ibm/icu/impl/data/icudata/ka_GE.res")
let impl_data_icudata_luo_res:Array<Byte>=@res("../src/main/resources/com/ibm/icu/impl/data/icudata/luo.res")
let impl_data_icudata_fo_FO_res:Array<Byte>=@res("../src/main/resources/com/ibm/icu/impl/data/icudata/fo_FO.res")
let impl_data_icudata_sd_PK_res:Array<Byte>=@res("../src/main/resources/com/ibm/icu/impl/data/icudata/sd_PK.res")
let impl_data_icudata_en_RW_res:Array<Byte>=@res("../src/main/resources/com/ibm/icu/impl/data/icudata/en_RW.res")
let impl_data_icudata_en_SS_res:Array<Byte>=@res("../src/main/resources/com/ibm/icu/impl/data/icudata/en_SS.res")
let impl_data_icudata_en_PH_res:Array<Byte>=@res("../src/main/resources/com/ibm/icu/impl/data/icudata/en_PH.res")
let impl_data_icudata_nqo_GN_res:Array<Byte>=@res("../src/main/resources/com/ibm/icu/impl/data/icudata/nqo_GN.res")
let impl_data_icudata_en_SD_res:Array<Byte>=@res("../src/main/resources/com/ibm/icu/impl/data/icudata/en_SD.res")
let impl_data_icudata_in_ID_res:Array<Byte>=@res("../src/main/resources/com/ibm/icu/impl/data/icudata/in_ID.res")
let impl_data_icudata_sq_XK_res:Array<Byte>=@res("../src/main/resources/com/ibm/icu/impl/data/icudata/sq_XK.res")
let impl_data_icudata_shi_Tfng_MA_res:Array<Byte>=@res("../src/main/resources/com/ibm/icu/impl/data/icudata/shi_Tfng_MA.res")
let impl_data_icudata_ff_Adlm_res:Array<Byte>=@res("../src/main/resources/com/ibm/icu/impl/data/icudata/ff_Adlm.res")
let impl_data_icudata_dyo_SN_res:Array<Byte>=@res("../src/main/resources/com/ibm/icu/impl/data/icudata/dyo_SN.res")
let impl_data_icudata_en_FR_res:Array<Byte>=@res("../src/main/resources/com/ibm/icu/impl/data/icudata/en_FR.res")
let impl_data_icudata_brkitr_ru_res:Array<Byte>=@res("../src/main/resources/com/ibm/icu/impl/data/icudata/brkitr/ru.res")
let impl_data_icudata_brkitr_fr_res:Array<Byte>=@res("../src/main/resources/com/ibm/icu/impl/data/icudata/brkitr/fr.res")
let impl_data_icudata_brkitr_word_brk:Array<Byte>=@res("../src/main/resources/com/ibm/icu/impl/data/icudata/brkitr/word.brk")
let impl_data_icudata_brkitr_sv_res:Array<Byte>=@res("../src/main/resources/com/ibm/icu/impl/data/icudata/brkitr/sv.res")
let impl_data_icudata_brkitr_el_res:Array<Byte>=@res("../src/main/resources/com/ibm/icu/impl/data/icudata/brkitr/el.res")
let impl_data_icudata_brkitr_word_POSIX_brk:Array<Byte>=@res("../src/main/resources/com/ibm/icu/impl/data/icudata/brkitr/word_POSIX.brk")
let impl_data_icudata_brkitr_line_brk:Array<Byte>=@res("../src/main/resources/com/ibm/icu/impl/data/icudata/brkitr/line.brk")
let impl_data_icudata_brkitr_burmesedict_dict:Array<Byte>=@res("../src/main/resources/com/ibm/icu/impl/data/icudata/brkitr/burmesedict.dict")
let impl_data_icudata_brkitr_char_brk:Array<Byte>=@res("../src/main/resources/com/ibm/icu/impl/data/icudata/brkitr/char.brk")
let impl_data_icudata_brkitr_ja_res:Array<Byte>=@res("../src/main/resources/com/ibm/icu/impl/data/icudata/brkitr/ja.res")
let impl_data_icudata_brkitr_en_res:Array<Byte>=@res("../src/main/resources/com/ibm/icu/impl/data/icudata/brkitr/en.res")
let impl_data_icudata_brkitr_line_cj_brk:Array<Byte>=@res("../src/main/resources/com/ibm/icu/impl/data/icudata/brkitr/line_cj.brk")
let impl_data_icudata_brkitr_sent_brk:Array<Byte>=@res("../src/main/resources/com/ibm/icu/impl/data/icudata/brkitr/sent.brk")
let impl_data_icudata_brkitr_zh_Hant_res:Array<Byte>=@res("../src/main/resources/com/ibm/icu/impl/data/icudata/brkitr/zh_Hant.res")
let impl_data_icudata_brkitr_zh_res:Array<Byte>=@res("../src/main/resources/com/ibm/icu/impl/data/icudata/brkitr/zh.res")
let impl_data_icudata_brkitr_line_normal_cj_brk:Array<Byte>=@res("../src/main/resources/com/ibm/icu/impl/data/icudata/brkitr/line_normal_cj.brk")
let impl_data_icudata_brkitr_thaidict_dict:Array<Byte>=@res("../src/main/resources/com/ibm/icu/impl/data/icudata/brkitr/thaidict.dict")
let impl_data_icudata_brkitr_line_loose_phrase_cj_brk:Array<Byte>=@res("../src/main/resources/com/ibm/icu/impl/data/icudata/brkitr/line_loose_phrase_cj.brk")
let impl_data_icudata_brkitr_cjdict_dict:Array<Byte>=@res("../src/main/resources/com/ibm/icu/impl/data/icudata/brkitr/cjdict.dict")
let impl_data_icudata_brkitr_line_phrase_cj_brk:Array<Byte>=@res("../src/main/resources/com/ibm/icu/impl/data/icudata/brkitr/line_phrase_cj.brk")
let impl_data_icudata_brkitr_line_normal_phrase_cj_brk:Array<Byte>=@res("../src/main/resources/com/ibm/icu/impl/data/icudata/brkitr/line_normal_phrase_cj.brk")
let impl_data_icudata_brkitr_laodict_dict:Array<Byte>=@res("../src/main/resources/com/ibm/icu/impl/data/icudata/brkitr/laodict.dict")
let impl_data_icudata_brkitr_res_index_res:Array<Byte>=@res("../src/main/resources/com/ibm/icu/impl/data/icudata/brkitr/res_index.res")
let impl_data_icudata_brkitr_sent_el_brk:Array<Byte>=@res("../src/main/resources/com/ibm/icu/impl/data/icudata/brkitr/sent_el.brk")
let impl_data_icudata_brkitr_en_US_res:Array<Byte>=@res("../src/main/resources/com/ibm/icu/impl/data/icudata/brkitr/en_US.res")
let impl_data_icudata_brkitr_pt_res:Array<Byte>=@res("../src/main/resources/com/ibm/icu/impl/data/icudata/brkitr/pt.res")
let impl_data_icudata_brkitr_title_brk:Array<Byte>=@res("../src/main/resources/com/ibm/icu/impl/data/icudata/brkitr/title.brk")
let impl_data_icudata_brkitr_it_res:Array<Byte>=@res("../src/main/resources/com/ibm/icu/impl/data/icudata/brkitr/it.res")
let impl_data_icudata_brkitr_de_res:Array<Byte>=@res("../src/main/resources/com/ibm/icu/impl/data/icudata/brkitr/de.res")
let impl_data_icudata_brkitr_root_res:Array<Byte>=@res("../src/main/resources/com/ibm/icu/impl/data/icudata/brkitr/root.res")
let impl_data_icudata_brkitr_line_loose_brk:Array<Byte>=@res("../src/main/resources/com/ibm/icu/impl/data/icudata/brkitr/line_loose.brk")
let impl_data_icudata_brkitr_fi_res:Array<Byte>=@res("../src/main/resources/com/ibm/icu/impl/data/icudata/brkitr/fi.res")
let impl_data_icudata_brkitr_ko_res:Array<Byte>=@res("../src/main/resources/com/ibm/icu/impl/data/icudata/brkitr/ko.res")
let impl_data_icudata_brkitr_es_res:Array<Byte>=@res("../src/main/resources/com/ibm/icu/impl/data/icudata/brkitr/es.res")
let impl_data_icudata_brkitr_line_loose_cj_brk:Array<Byte>=@res("../src/main/resources/com/ibm/icu/impl/data/icudata/brkitr/line_loose_cj.brk")
let impl_data_icudata_brkitr_en_US_POSIX_res:Array<Byte>=@res("../src/main/resources/com/ibm/icu/impl/data/icudata/brkitr/en_US_POSIX.res")
let impl_data_icudata_brkitr_line_normal_brk:Array<Byte>=@res("../src/main/resources/com/ibm/icu/impl/data/icudata/brkitr/line_normal.brk")
let impl_data_icudata_brkitr_khmerdict_dict:Array<Byte>=@res("../src/main/resources/com/ibm/icu/impl/data/icudata/brkitr/khmerdict.dict")
let impl_data_icudata_en_DM_res:Array<Byte>=@res("../src/main/resources/com/ibm/icu/impl/data/icudata/en_DM.res")
let impl_data_icudata_kok_Latn_res:Array<Byte>=@res("../src/main/resources/com/ibm/icu/impl/data/icudata/kok_Latn.res")
let impl_data_icudata_es_PE_res:Array<Byte>=@res("../src/main/resources/com/ibm/icu/impl/data/icudata/es_PE.res")
let impl_data_icudata_metaZones_res:Array<Byte>=@res("../src/main/resources/com/ibm/icu/impl/data/icudata/metaZones.res")
let impl_data_icudata_dav_res:Array<Byte>=@res("../src/main/resources/com/ibm/icu/impl/data/icudata/dav.res")
let impl_data_icudata_za_res:Array<Byte>=@res("../src/main/resources/com/ibm/icu/impl/data/icudata/za.res")
let impl_data_icudata_es_PR_res:Array<Byte>=@res("../src/main/resources/com/ibm/icu/impl/data/icudata/es_PR.res")
let impl_data_icudata_cgg_res:Array<Byte>=@res("../src/main/resources/com/ibm/icu/impl/data/icudata/cgg.res")
let impl_data_icudata_ars_res:Array<Byte>=@res("../src/main/resources/com/ibm/icu/impl/data/icudata/ars.res")
let impl_data_icudata_ee_GH_res:Array<Byte>=@res("../src/main/resources/com/ibm/icu/impl/data/icudata/ee_GH.res")
let impl_data_icudata_ff_Adlm_CM_res:Array<Byte>=@res("../src/main/resources/com/ibm/icu/impl/data/icudata/ff_Adlm_CM.res")
let impl_data_icudata_mgh_res:Array<Byte>=@res("../src/main/resources/com/ibm/icu/impl/data/icudata/mgh.res")
let impl_data_icudata_ak_res:Array<Byte>=@res("../src/main/resources/com/ibm/icu/impl/data/icudata/ak.res")
let impl_data_icudata_ca_FR_res:Array<Byte>=@res("../src/main/resources/com/ibm/icu/impl/data/icudata/ca_FR.res")
let impl_data_icudata_bg_res:Array<Byte>=@res("../src/main/resources/com/ibm/icu/impl/data/icudata/bg.res")
let impl_data_icudata_rfc3920node_spp:Array<Byte>=@res("../src/main/resources/com/ibm/icu/impl/data/icudata/rfc3920node.spp")
let impl_data_icudata_confusables_cfu:Array<Byte>=@res("../src/main/resources/com/ibm/icu/impl/data/icudata/confusables.cfu")
let impl_data_icudata_nso_ZA_res:Array<Byte>=@res("../src/main/resources/com/ibm/icu/impl/data/icudata/nso_ZA.res")
let impl_data_icudata_sd_Deva_res:Array<Byte>=@res("../src/main/resources/com/ibm/icu/impl/data/icudata/sd_Deva.res")
let impl_data_icudata_fr_PM_res:Array<Byte>=@res("../src/main/resources/com/ibm/icu/impl/data/icudata/fr_PM.res")
let impl_data_icudata_rwk_TZ_res:Array<Byte>=@res("../src/main/resources/com/ibm/icu/impl/data/icudata/rwk_TZ.res")
let impl_data_icudata_nd_res:Array<Byte>=@res("../src/main/resources/com/ibm/icu/impl/data/icudata/nd.res")
let impl_data_icudata_fr_RE_res:Array<Byte>=@res("../src/main/resources/com/ibm/icu/impl/data/icudata/fr_RE.res")
let impl_data_icudata_es_ES_res:Array<Byte>=@res("../src/main/resources/com/ibm/icu/impl/data/icudata/es_ES.res")
let impl_data_icudata_rfc4505_spp:Array<Byte>=@res("../src/main/resources/com/ibm/icu/impl/data/icudata/rfc4505.spp")
let impl_data_icudata_ne_res:Array<Byte>=@res("../src/main/resources/com/ibm/icu/impl/data/icudata/ne.res")
let impl_data_icudata_kxv_Latn_res:Array<Byte>=@res("../src/main/resources/com/ibm/icu/impl/data/icudata/kxv_Latn.res")
let impl_data_icudata_mi_res:Array<Byte>=@res("../src/main/resources/com/ibm/icu/impl/data/icudata/mi.res")
let impl_data_icudata_shi_Latn_res:Array<Byte>=@res("../src/main/resources/com/ibm/icu/impl/data/icudata/shi_Latn.res")
let impl_data_icudata_mni_Beng_res:Array<Byte>=@res("../src/main/resources/com/ibm/icu/impl/data/icudata/mni_Beng.res")
let impl_data_icudata_nnh_CM_res:Array<Byte>=@res("../src/main/resources/com/ibm/icu/impl/data/icudata/nnh_CM.res")
let impl_data_icudata_sr_Cyrl_RS_res:Array<Byte>=@res("../src/main/resources/com/ibm/icu/impl/data/icudata/sr_Cyrl_RS.res")
let impl_data_icudata_az_Latn_AZ_res:Array<Byte>=@res("../src/main/resources/com/ibm/icu/impl/data/icudata/az_Latn_AZ.res")
let impl_data_icudata_th_TH_res:Array<Byte>=@res("../src/main/resources/com/ibm/icu/impl/data/icudata/th_TH.res")
let impl_data_icudata_asa_res:Array<Byte>=@res("../src/main/resources/com/ibm/icu/impl/data/icudata/asa.res")
let impl_data_icudata_el_GR_res:Array<Byte>=@res("../src/main/resources/com/ibm/icu/impl/data/icudata/el_GR.res")
let impl_data_icudata_smn_res:Array<Byte>=@res("../src/main/resources/com/ibm/icu/impl/data/icudata/smn.res")
let impl_data_icudata_nl_NL_res:Array<Byte>=@res("../src/main/resources/com/ibm/icu/impl/data/icudata/nl_NL.res")
let impl_data_icudata_tk_res:Array<Byte>=@res("../src/main/resources/com/ibm/icu/impl/data/icudata/tk.res")
let impl_data_icudata_sat_IN_res:Array<Byte>=@res("../src/main/resources/com/ibm/icu/impl/data/icudata/sat_IN.res")
let impl_data_icudata_kk_Cyrl_res:Array<Byte>=@res("../src/main/resources/com/ibm/icu/impl/data/icudata/kk_Cyrl.res")
let impl_data_icudata_xh_res:Array<Byte>=@res("../src/main/resources/com/ibm/icu/impl/data/icudata/xh.res")
let impl_data_icudata_en_001_res:Array<Byte>=@res("../src/main/resources/com/ibm/icu/impl/data/icudata/en_001.res")
let impl_data_icudata_sr_Latn_YU_res:Array<Byte>=@res("../src/main/resources/com/ibm/icu/impl/data/icudata/sr_Latn_YU.res")
let impl_data_icudata_rn_BI_res:Array<Byte>=@res("../src/main/resources/com/ibm/icu/impl/data/icudata/rn_BI.res")
let impl_data_icudata_ff_Latn_SN_res:Array<Byte>=@res("../src/main/resources/com/ibm/icu/impl/data/icudata/ff_Latn_SN.res")
let impl_data_icudata_pl_PL_res:Array<Byte>=@res("../src/main/resources/com/ibm/icu/impl/data/icudata/pl_PL.res")
let impl_data_icudata_tzm_MA_res:Array<Byte>=@res("../src/main/resources/com/ibm/icu/impl/data/icudata/tzm_MA.res")
let impl_data_icudata_as_IN_res:Array<Byte>=@res("../src/main/resources/com/ibm/icu/impl/data/icudata/as_IN.res")
let impl_data_icudata_sc_IT_res:Array<Byte>=@res("../src/main/resources/com/ibm/icu/impl/data/icudata/sc_IT.res")
let impl_data_icudata_sr_RS_res:Array<Byte>=@res("../src/main/resources/com/ibm/icu/impl/data/icudata/sr_RS.res")
let impl_data_icudata_plurals_res:Array<Byte>=@res("../src/main/resources/com/ibm/icu/impl/data/icudata/plurals.res")
let impl_data_icudata_zh_SG_res:Array<Byte>=@res("../src/main/resources/com/ibm/icu/impl/data/icudata/zh_SG.res")
let impl_data_icudata_kw_GB_res:Array<Byte>=@res("../src/main/resources/com/ibm/icu/impl/data/icudata/kw_GB.res")
let impl_data_icudata_hi_Latn_IN_res:Array<Byte>=@res("../src/main/resources/com/ibm/icu/impl/data/icudata/hi_Latn_IN.res")
let impl_data_icudata_sq_MK_res:Array<Byte>=@res("../src/main/resources/com/ibm/icu/impl/data/icudata/sq_MK.res")
let impl_data_icudata_jgo_CM_res:Array<Byte>=@res("../src/main/resources/com/ibm/icu/impl/data/icudata/jgo_CM.res")
let impl_data_icudata_en_SE_res:Array<Byte>=@res("../src/main/resources/com/ibm/icu/impl/data/icudata/en_SE.res")
let impl_data_icudata_bn_BD_res:Array<Byte>=@res("../src/main/resources/com/ibm/icu/impl/data/icudata/bn_BD.res")
let impl_data_icudata_ms_ID_res:Array<Byte>=@res("../src/main/resources/com/ibm/icu/impl/data/icudata/ms_ID.res")
let impl_data_icudata_zh_Hans_HK_res:Array<Byte>=@res("../src/main/resources/com/ibm/icu/impl/data/icudata/zh_Hans_HK.res")
let impl_data_icudata_pt_GW_res:Array<Byte>=@res("../src/main/resources/com/ibm/icu/impl/data/icudata/pt_GW.res")
let impl_data_icudata_my_MM_res:Array<Byte>=@res("../src/main/resources/com/ibm/icu/impl/data/icudata/my_MM.res")
let impl_data_icudata_fil_PH_res:Array<Byte>=@res("../src/main/resources/com/ibm/icu/impl/data/icudata/fil_PH.res")
let impl_data_icudata_en_IO_res:Array<Byte>=@res("../src/main/resources/com/ibm/icu/impl/data/icudata/en_IO.res")
let impl_data_icudata_sd_IN_res:Array<Byte>=@res("../src/main/resources/com/ibm/icu/impl/data/icudata/sd_IN.res")
let impl_data_icudata_en_HK_res:Array<Byte>=@res("../src/main/resources/com/ibm/icu/impl/data/icudata/en_HK.res")
let impl_data_icudata_guz_KE_res:Array<Byte>=@res("../src/main/resources/com/ibm/icu/impl/data/icudata/guz_KE.res")
let impl_data_icudata_kgp_BR_res:Array<Byte>=@res("../src/main/resources/com/ibm/icu/impl/data/icudata/kgp_BR.res")
let impl_data_icudata_en_GD_res:Array<Byte>=@res("../src/main/resources/com/ibm/icu/impl/data/icudata/en_GD.res")
let impl_data_icudata_khq_ML_res:Array<Byte>=@res("../src/main/resources/com/ibm/icu/impl/data/icudata/khq_ML.res")
let impl_data_icudata_sq_AL_res:Array<Byte>=@res("../src/main/resources/com/ibm/icu/impl/data/icudata/sq_AL.res")
let impl_data_icudata_en_GS_res:Array<Byte>=@res("../src/main/resources/com/ibm/icu/impl/data/icudata/en_GS.res")
let impl_data_icudata_fr_GA_res:Array<Byte>=@res("../src/main/resources/com/ibm/icu/impl/data/icudata/fr_GA.res")
let impl_data_icudata_fr_DZ_res:Array<Byte>=@res("../src/main/resources/com/ibm/icu/impl/data/icudata/fr_DZ.res")
let impl_data_icudata_fr_FR_res:Array<Byte>=@res("../src/main/resources/com/ibm/icu/impl/data/icudata/fr_FR.res")
let impl_data_icudata_te_IN_res:Array<Byte>=@res("../src/main/resources/com/ibm/icu/impl/data/icudata/te_IN.res")
let impl_data_icudata_mer_res:Array<Byte>=@res("../src/main/resources/com/ibm/icu/impl/data/icudata/mer.res")
let impl_data_icudata_uk_res:Array<Byte>=@res("../src/main/resources/com/ibm/icu/impl/data/icudata/uk.res")
let impl_data_icudata_to_res:Array<Byte>=@res("../src/main/resources/com/ibm/icu/impl/data/icudata/to.res")
let impl_data_icudata_rfc3722_spp:Array<Byte>=@res("../src/main/resources/com/ibm/icu/impl/data/icudata/rfc3722.spp")
let impl_data_icudata_ar_LY_res:Array<Byte>=@res("../src/main/resources/com/ibm/icu/impl/data/icudata/ar_LY.res")
let impl_data_icudata_ewo_CM_res:Array<Byte>=@res("../src/main/resources/com/ibm/icu/impl/data/icudata/ewo_CM.res")
let impl_data_icudata_de_IT_res:Array<Byte>=@res("../src/main/resources/com/ibm/icu/impl/data/icudata/de_IT.res")
let impl_data_icudata_supplementalData_res:Array<Byte>=@res("../src/main/resources/com/ibm/icu/impl/data/icudata/supplementalData.res")
let impl_data_icudata_shi_Latn_MA_res:Array<Byte>=@res("../src/main/resources/com/ibm/icu/impl/data/icudata/shi_Latn_MA.res")
let impl_data_icudata_dua_res:Array<Byte>=@res("../src/main/resources/com/ibm/icu/impl/data/icudata/dua.res")
let impl_data_icudata_fr_RW_res:Array<Byte>=@res("../src/main/resources/com/ibm/icu/impl/data/icudata/fr_RW.res")
let impl_data_icudata_nfkc_cf_nrm:Array<Byte>=@res("../src/main/resources/com/ibm/icu/impl/data/icudata/nfkc_cf.nrm")
let impl_data_icudata_or_res:Array<Byte>=@res("../src/main/resources/com/ibm/icu/impl/data/icudata/or.res")
let impl_data_icudata_es_EA_res:Array<Byte>=@res("../src/main/resources/com/ibm/icu/impl/data/icudata/es_EA.res")
let impl_data_icudata_os_res:Array<Byte>=@res("../src/main/resources/com/ibm/icu/impl/data/icudata/os.res")
let impl_data_icudata_ml_res:Array<Byte>=@res("../src/main/resources/com/ibm/icu/impl/data/icudata/ml.res")
let impl_data_icudata_nfkc_nrm:Array<Byte>=@res("../src/main/resources/com/ibm/icu/impl/data/icudata/nfkc.nrm")
let impl_data_icudata_de_DE_res:Array<Byte>=@res("../src/main/resources/com/ibm/icu/impl/data/icudata/de_DE.res")
let impl_data_icudata_cs_CZ_res:Array<Byte>=@res("../src/main/resources/com/ibm/icu/impl/data/icudata/cs_CZ.res")
let impl_data_icudata_es_IC_res:Array<Byte>=@res("../src/main/resources/com/ibm/icu/impl/data/icudata/es_IC.res")
let impl_data_icudata_pnames_icu:Array<Byte>=@res("../src/main/resources/com/ibm/icu/impl/data/icudata/pnames.icu")
let impl_data_icudata_sd_Arab_PK_res:Array<Byte>=@res("../src/main/resources/com/ibm/icu/impl/data/icudata/sd_Arab_PK.res")
let impl_data_icudata_tn_res:Array<Byte>=@res("../src/main/resources/com/ibm/icu/impl/data/icudata/tn.res")
let impl_data_icudata_bo_IN_res:Array<Byte>=@res("../src/main/resources/com/ibm/icu/impl/data/icudata/bo_IN.res")
let impl_data_icudata_he_IL_res:Array<Byte>=@res("../src/main/resources/com/ibm/icu/impl/data/icudata/he_IL.res")
let impl_data_icudata_sah_res:Array<Byte>=@res("../src/main/resources/com/ibm/icu/impl/data/icudata/sah.res")
let impl_data_icudata_yi_res:Array<Byte>=@res("../src/main/resources/com/ibm/icu/impl/data/icudata/yi.res")
let impl_data_icudata_es_PA_res:Array<Byte>=@res("../src/main/resources/com/ibm/icu/impl/data/icudata/es_PA.res")
let impl_data_icudata_ceb_PH_res:Array<Byte>=@res("../src/main/resources/com/ibm/icu/impl/data/icudata/ceb_PH.res")
let impl_data_icudata_mfe_MU_res:Array<Byte>=@res("../src/main/resources/com/ibm/icu/impl/data/icudata/mfe_MU.res")
let impl_data_icudata_kok_Deva_IN_res:Array<Byte>=@res("../src/main/resources/com/ibm/icu/impl/data/icudata/kok_Deva_IN.res")
let impl_data_icudata_en_IN_res:Array<Byte>=@res("../src/main/resources/com/ibm/icu/impl/data/icudata/en_IN.res")
let impl_data_icudata_lmo_res:Array<Byte>=@res("../src/main/resources/com/ibm/icu/impl/data/icudata/lmo.res")
let impl_data_icudata_om_ET_res:Array<Byte>=@res("../src/main/resources/com/ibm/icu/impl/data/icudata/om_ET.res")
let impl_data_icudata_ko_KR_res:Array<Byte>=@res("../src/main/resources/com/ibm/icu/impl/data/icudata/ko_KR.res")
let impl_data_icudata_eo_001_res:Array<Byte>=@res("../src/main/resources/com/ibm/icu/impl/data/icudata/eo_001.res")
let impl_data_icudata_en_PL_res:Array<Byte>=@res("../src/main/resources/com/ibm/icu/impl/data/icudata/en_PL.res")
let impl_data_icudata_si_LK_res:Array<Byte>=@res("../src/main/resources/com/ibm/icu/impl/data/icudata/si_LK.res")
let impl_data_icudata_ff_Latn_GN_res:Array<Byte>=@res("../src/main/resources/com/ibm/icu/impl/data/icudata/ff_Latn_GN.res")
let impl_data_icudata_en_SB_res:Array<Byte>=@res("../src/main/resources/com/ibm/icu/impl/data/icudata/en_SB.res")
let impl_data_icudata_haw_US_res:Array<Byte>=@res("../src/main/resources/com/ibm/icu/impl/data/icudata/haw_US.res")
let impl_data_icudata_en_PN_res:Array<Byte>=@res("../src/main/resources/com/ibm/icu/impl/data/icudata/en_PN.res")
let impl_data_icudata_yav_res:Array<Byte>=@res("../src/main/resources/com/ibm/icu/impl/data/icudata/yav.res")
let impl_data_icudata_kxv_Telu_IN_res:Array<Byte>=@res("../src/main/resources/com/ibm/icu/impl/data/icudata/kxv_Telu_IN.res")
let impl_data_icudata_ko_KP_res:Array<Byte>=@res("../src/main/resources/com/ibm/icu/impl/data/icudata/ko_KP.res")
let impl_data_icudata_af_ZA_res:Array<Byte>=@res("../src/main/resources/com/ibm/icu/impl/data/icudata/af_ZA.res")
let impl_data_icudata_ru_KZ_res:Array<Byte>=@res("../src/main/resources/com/ibm/icu/impl/data/icudata/ru_KZ.res")
let impl_data_icudata_rfc3530csci_spp:Array<Byte>=@res("../src/main/resources/com/ibm/icu/impl/data/icudata/rfc3530csci.spp")
let impl_data_icudata_hi_IN_res:Array<Byte>=@res("../src/main/resources/com/ibm/icu/impl/data/icudata/hi_IN.res")
let impl_data_icudata_en_IL_res:Array<Byte>=@res("../src/main/resources/com/ibm/icu/impl/data/icudata/en_IL.res")
let impl_data_icudata_oc_ES_res:Array<Byte>=@res("../src/main/resources/com/ibm/icu/impl/data/icudata/oc_ES.res")
let impl_data_icudata_en_GG_res:Array<Byte>=@res("../src/main/resources/com/ibm/icu/impl/data/icudata/en_GG.res")
let impl_data_icudata_xog_UG_res:Array<Byte>=@res("../src/main/resources/com/ibm/icu/impl/data/icudata/xog_UG.res")
let impl_data_icudata_en_DK_res:Array<Byte>=@res("../src/main/resources/com/ibm/icu/impl/data/icudata/en_DK.res")
let impl_data_icudata_gsw_res:Array<Byte>=@res("../src/main/resources/com/ibm/icu/impl/data/icudata/gsw.res")
let impl_data_icudata_st_LS_res:Array<Byte>=@res("../src/main/resources/com/ibm/icu/impl/data/icudata/st_LS.res")
let impl_data_icudata_res_index_res:Array<Byte>=@res("../src/main/resources/com/ibm/icu/impl/data/icudata/res_index.res")
let impl_data_icudata_ckb_res:Array<Byte>=@res("../src/main/resources/com/ibm/icu/impl/data/icudata/ckb.res")
let impl_data_icudata_az_Latn_res:Array<Byte>=@res("../src/main/resources/com/ibm/icu/impl/data/icudata/az_Latn.res")
let impl_data_icudata_tl_res:Array<Byte>=@res("../src/main/resources/com/ibm/icu/impl/data/icudata/tl.res")
let impl_data_icudata_ne_NP_res:Array<Byte>=@res("../src/main/resources/com/ibm/icu/impl/data/icudata/ne_NP.res")
let impl_data_icudata_units_res:Array<Byte>=@res("../src/main/resources/com/ibm/icu/impl/data/icudata/units.res")
let impl_data_icudata_ce_res:Array<Byte>=@res("../src/main/resources/com/ibm/icu/impl/data/icudata/ce.res")
let impl_data_icudata_az_res:Array<Byte>=@res("../src/main/resources/com/ibm/icu/impl/data/icudata/az.res")
let impl_data_icudata_am_res:Array<Byte>=@res("../src/main/resources/com/ibm/icu/impl/data/icudata/am.res")
let impl_data_icudata_uz_Cyrl_UZ_res:Array<Byte>=@res("../src/main/resources/com/ibm/icu/impl/data/icudata/uz_Cyrl_UZ.res")
let impl_data_icudata_my_res:Array<Byte>=@res("../src/main/resources/com/ibm/icu/impl/data/icudata/my.res")
let impl_data_icudata_nb_res:Array<Byte>=@res("../src/main/resources/com/ibm/icu/impl/data/icudata/nb.res")
let impl_data_icudata_pluralRanges_res:Array<Byte>=@res("../src/main/resources/com/ibm/icu/impl/data/icudata/pluralRanges.res")
let impl_data_icudata_rfc3920res_spp:Array<Byte>=@res("../src/main/resources/com/ibm/icu/impl/data/icudata/rfc3920res.spp")
let impl_data_icudata_mn_res:Array<Byte>=@res("../src/main/resources/com/ibm/icu/impl/data/icudata/mn.res")
let impl_data_icudata_mo_res:Array<Byte>=@res("../src/main/resources/com/ibm/icu/impl/data/icudata/mo.res")
let impl_data_icudata_es_EC_res:Array<Byte>=@res("../src/main/resources/com/ibm/icu/impl/data/icudata/es_EC.res")
let impl_data_icudata_ja_JP_TRADITIONAL_res:Array<Byte>=@res("../src/main/resources/com/ibm/icu/impl/data/icudata/ja_JP_TRADITIONAL.res")
let impl_data_icudata_yrl_VE_res:Array<Byte>=@res("../src/main/resources/com/ibm/icu/impl/data/icudata/yrl_VE.res")
let impl_data_icudata_cs_res:Array<Byte>=@res("../src/main/resources/com/ibm/icu/impl/data/icudata/cs.res")
let impl_data_icudata_mgo_res:Array<Byte>=@res("../src/main/resources/com/ibm/icu/impl/data/icudata/mgo.res")
let impl_data_icudata_nb_NO_res:Array<Byte>=@res("../src/main/resources/com/ibm/icu/impl/data/icudata/nb_NO.res")
let impl_data_icudata_gd_GB_res:Array<Byte>=@res("../src/main/resources/com/ibm/icu/impl/data/icudata/gd_GB.res")
let impl_data_icudata_sbp_res:Array<Byte>=@res("../src/main/resources/com/ibm/icu/impl/data/icudata/sbp.res")
let impl_data_icudata_ff_Adlm_LR_res:Array<Byte>=@res("../src/main/resources/com/ibm/icu/impl/data/icudata/ff_Adlm_LR.res")
let impl_data_icudata_kea_res:Array<Byte>=@res("../src/main/resources/com/ibm/icu/impl/data/icudata/kea.res")
let impl_data_icudata_kde_res:Array<Byte>=@res("../src/main/resources/com/ibm/icu/impl/data/icudata/kde.res")
let impl_data_icudata_nn_NO_res:Array<Byte>=@res("../src/main/resources/com/ibm/icu/impl/data/icudata/nn_NO.res")
let impl_data_icudata_ulayout_icu:Array<Byte>=@res("../src/main/resources/com/ibm/icu/impl/data/icudata/ulayout.icu")
let impl_data_icudata_ga_IE_res:Array<Byte>=@res("../src/main/resources/com/ibm/icu/impl/data/icudata/ga_IE.res")
let impl_data_icudata_en_IM_res:Array<Byte>=@res("../src/main/resources/com/ibm/icu/impl/data/icudata/en_IM.res")
let impl_data_icudata_ml_IN_res:Array<Byte>=@res("../src/main/resources/com/ibm/icu/impl/data/icudata/ml_IN.res")
let impl_data_icudata_yue_res:Array<Byte>=@res("../src/main/resources/com/ibm/icu/impl/data/icudata/yue.res")
let impl_data_icudata_khq_res:Array<Byte>=@res("../src/main/resources/com/ibm/icu/impl/data/icudata/khq.res")
let impl_data_icudata_kkj_res:Array<Byte>=@res("../src/main/resources/com/ibm/icu/impl/data/icudata/kkj.res")
let impl_data_icudata_en_KE_res:Array<Byte>=@res("../src/main/resources/com/ibm/icu/impl/data/icudata/en_KE.res")
let impl_data_icudata_gsw_FR_res:Array<Byte>=@res("../src/main/resources/com/ibm/icu/impl/data/icudata/gsw_FR.res")
let impl_data_icudata_seh_MZ_res:Array<Byte>=@res("../src/main/resources/com/ibm/icu/impl/data/icudata/seh_MZ.res")
let impl_data_icudata_ff_Latn_GM_res:Array<Byte>=@res("../src/main/resources/com/ibm/icu/impl/data/icudata/ff_Latn_GM.res")
let impl_data_icudata_en_SC_res:Array<Byte>=@res("../src/main/resources/com/ibm/icu/impl/data/icudata/en_SC.res")
let impl_data_icudata_zh_HK_res:Array<Byte>=@res("../src/main/resources/com/ibm/icu/impl/data/icudata/zh_HK.res")
let impl_data_icudata_en_US_res:Array<Byte>=@res("../src/main/resources/com/ibm/icu/impl/data/icudata/en_US.res")
let impl_data_icudata_ff_Latn_BF_res:Array<Byte>=@res("../src/main/resources/com/ibm/icu/impl/data/icudata/ff_Latn_BF.res")
let impl_data_icudata_sv_SE_res:Array<Byte>=@res("../src/main/resources/com/ibm/icu/impl/data/icudata/sv_SE.res")
let impl_data_icudata_ff_CM_res:Array<Byte>=@res("../src/main/resources/com/ibm/icu/impl/data/icudata/ff_CM.res")
let impl_data_icudata_yue_Hant_MO_res:Array<Byte>=@res("../src/main/resources/com/ibm/icu/impl/data/icudata/yue_Hant_MO.res")
let impl_data_icudata_ff_Latn_NE_res:Array<Byte>=@res("../src/main/resources/com/ibm/icu/impl/data/icudata/ff_Latn_NE.res")
let impl_data_icudata_ii_CN_res:Array<Byte>=@res("../src/main/resources/com/ibm/icu/impl/data/icudata/ii_CN.res")
let impl_data_icudata_ccp_BD_res:Array<Byte>=@res("../src/main/resources/com/ibm/icu/impl/data/icudata/ccp_BD.res")
let impl_data_icudata_en_MU_res:Array<Byte>=@res("../src/main/resources/com/ibm/icu/impl/data/icudata/en_MU.res")
let impl_data_icudata_az_Cyrl_AZ_res:Array<Byte>=@res("../src/main/resources/com/ibm/icu/impl/data/icudata/az_Cyrl_AZ.res")
let impl_data_icudata_nso_res:Array<Byte>=@res("../src/main/resources/com/ibm/icu/impl/data/icudata/nso.res")
let impl_data_icudata_sr_Latn_RS_res:Array<Byte>=@res("../src/main/resources/com/ibm/icu/impl/data/icudata/sr_Latn_RS.res")
let impl_data_icudata_kab_DZ_res:Array<Byte>=@res("../src/main/resources/com/ibm/icu/impl/data/icudata/kab_DZ.res")
let impl_data_icudata_en_BM_res:Array<Byte>=@res("../src/main/resources/com/ibm/icu/impl/data/icudata/en_BM.res")
let impl_data_icudata_en_BZ_res:Array<Byte>=@res("../src/main/resources/com/ibm/icu/impl/data/icudata/en_BZ.res")
let impl_data_icudata_sr_YU_res:Array<Byte>=@res("../src/main/resources/com/ibm/icu/impl/data/icudata/sr_YU.res")
let impl_data_icudata_pt_LU_res:Array<Byte>=@res("../src/main/resources/com/ibm/icu/impl/data/icudata/pt_LU.res")
let impl_data_icudata_es_VE_res:Array<Byte>=@res("../src/main/resources/com/ibm/icu/impl/data/icudata/es_VE.res")
let impl_data_icudata_ses_res:Array<Byte>=@res("../src/main/resources/com/ibm/icu/impl/data/icudata/ses.res")
let impl_data_icudata_ar_QA_res:Array<Byte>=@res("../src/main/resources/com/ibm/icu/impl/data/icudata/ar_QA.res")
let impl_data_icudata_sn_res:Array<Byte>=@res("../src/main/resources/com/ibm/icu/impl/data/icudata/sn.res")
let impl_data_icudata_fr_MG_res:Array<Byte>=@res("../src/main/resources/com/ibm/icu/impl/data/icudata/fr_MG.res")
let impl_data_icudata_no_NO_NY_res:Array<Byte>=@res("../src/main/resources/com/ibm/icu/impl/data/icudata/no_NO_NY.res")
let impl_data_icudata_fo_res:Array<Byte>=@res("../src/main/resources/com/ibm/icu/impl/data/icudata/fo.res")
let impl_data_icudata_et_res:Array<Byte>=@res("../src/main/resources/com/ibm/icu/impl/data/icudata/et.res")
let impl_data_icudata_es_MX_res:Array<Byte>=@res("../src/main/resources/com/ibm/icu/impl/data/icudata/es_MX.res")
let impl_data_icudata_ckb_IR_res:Array<Byte>=@res("../src/main/resources/com/ibm/icu/impl/data/icudata/ckb_IR.res")
let impl_data_icudata_iw_res:Array<Byte>=@res("../src/main/resources/com/ibm/icu/impl/data/icudata/iw.res")
let impl_data_icudata_sr_Cyrl_YU_res:Array<Byte>=@res("../src/main/resources/com/ibm/icu/impl/data/icudata/sr_Cyrl_YU.res")
let impl_data_icudata_ta_IN_res:Array<Byte>=@res("../src/main/resources/com/ibm/icu/impl/data/icudata/ta_IN.res")
let impl_data_icudata_he_res:Array<Byte>=@res("../src/main/resources/com/ibm/icu/impl/data/icudata/he.res")
let impl_data_icudata_fr_TD_res:Array<Byte>=@res("../src/main/resources/com/ibm/icu/impl/data/icudata/fr_TD.res")
let impl_data_icudata_es_CR_res:Array<Byte>=@res("../src/main/resources/com/ibm/icu/impl/data/icudata/es_CR.res")
let impl_data_icudata_ia_res:Array<Byte>=@res("../src/main/resources/com/ibm/icu/impl/data/icudata/ia.res")
let impl_data_icudata_twq_res:Array<Byte>=@res("../src/main/resources/com/ibm/icu/impl/data/icudata/twq.res")
let impl_data_icudata_ki_res:Array<Byte>=@res("../src/main/resources/com/ibm/icu/impl/data/icudata/ki.res")
let impl_data_icudata_hr_res:Array<Byte>=@res("../src/main/resources/com/ibm/icu/impl/data/icudata/hr.res")
let impl_data_icudata_ar_ER_res:Array<Byte>=@res("../src/main/resources/com/ibm/icu/impl/data/icudata/ar_ER.res")
let impl_data_icudata_iw_IL_res:Array<Byte>=@res("../src/main/resources/com/ibm/icu/impl/data/icudata/iw_IL.res")
let impl_data_icudata_ks_Arab_res:Array<Byte>=@res("../src/main/resources/com/ibm/icu/impl/data/icudata/ks_Arab.res")
let impl_data_icudata_fy_res:Array<Byte>=@res("../src/main/resources/com/ibm/icu/impl/data/icudata/fy.res")
let impl_data_icudata_ksh_DE_res:Array<Byte>=@res("../src/main/resources/com/ibm/icu/impl/data/icudata/ksh_DE.res")
let impl_data_icudata_fr_YT_res:Array<Byte>=@res("../src/main/resources/com/ibm/icu/impl/data/icudata/fr_YT.res")
let impl_data_icudata_vai_res:Array<Byte>=@res("../src/main/resources/com/ibm/icu/impl/data/icudata/vai.res")
let impl_data_icudata_eu_res:Array<Byte>=@res("../src/main/resources/com/ibm/icu/impl/data/icudata/eu.res")
let impl_data_icudata_shi_Tfng_res:Array<Byte>=@res("../src/main/resources/com/ibm/icu/impl/data/icudata/shi_Tfng.res")
let impl_data_icudata_ar_IQ_res:Array<Byte>=@res("../src/main/resources/com/ibm/icu/impl/data/icudata/ar_IQ.res")
let impl_data_icudata_mai_res:Array<Byte>=@res("../src/main/resources/com/ibm/icu/impl/data/icudata/mai.res")
let impl_data_icudata_jgo_res:Array<Byte>=@res("../src/main/resources/com/ibm/icu/impl/data/icudata/jgo.res")
let impl_data_icudata_mzn_IR_res:Array<Byte>=@res("../src/main/resources/com/ibm/icu/impl/data/icudata/mzn_IR.res")
let impl_data_icudata_jv_ID_res:Array<Byte>=@res("../src/main/resources/com/ibm/icu/impl/data/icudata/jv_ID.res")
let impl_data_icudata_fr_MF_res:Array<Byte>=@res("../src/main/resources/com/ibm/icu/impl/data/icudata/fr_MF.res")
let impl_data_icudata_so_res:Array<Byte>=@res("../src/main/resources/com/ibm/icu/impl/data/icudata/so.res")
let impl_data_icudata_pt_res:Array<Byte>=@res("../src/main/resources/com/ibm/icu/impl/data/icudata/pt.res")
let impl_data_icudata_fr_LU_res:Array<Byte>=@res("../src/main/resources/com/ibm/icu/impl/data/icudata/fr_LU.res")
let impl_data_icudata_fr_MQ_res:Array<Byte>=@res("../src/main/resources/com/ibm/icu/impl/data/icudata/fr_MQ.res")
let impl_data_icudata_brx_IN_res:Array<Byte>=@res("../src/main/resources/com/ibm/icu/impl/data/icudata/brx_IN.res")
let impl_data_icudata_fr_CM_res:Array<Byte>=@res("../src/main/resources/com/ibm/icu/impl/data/icudata/fr_CM.res")
let impl_data_icudata_ar_PS_res:Array<Byte>=@res("../src/main/resources/com/ibm/icu/impl/data/icudata/ar_PS.res")
let impl_data_icudata_fr_BI_res:Array<Byte>=@res("../src/main/resources/com/ibm/icu/impl/data/icudata/fr_BI.res")
let impl_data_icudata_rof_res:Array<Byte>=@res("../src/main/resources/com/ibm/icu/impl/data/icudata/rof.res")
let impl_data_icudata_eu_ES_res:Array<Byte>=@res("../src/main/resources/com/ibm/icu/impl/data/icudata/eu_ES.res")
let impl_data_icudata_en_CH_res:Array<Byte>=@res("../src/main/resources/com/ibm/icu/impl/data/icudata/en_CH.res")
let impl_data_icudata_raj_IN_res:Array<Byte>=@res("../src/main/resources/com/ibm/icu/impl/data/icudata/raj_IN.res")
let impl_data_icudata_vai_LR_res:Array<Byte>=@res("../src/main/resources/com/ibm/icu/impl/data/icudata/vai_LR.res")
let impl_data_icudata_id_ID_res:Array<Byte>=@res("../src/main/resources/com/ibm/icu/impl/data/icudata/id_ID.res")
let impl_data_icudata_en_NO_res:Array<Byte>=@res("../src/main/resources/com/ibm/icu/impl/data/icudata/en_NO.res")
let impl_data_icudata_en_MT_res:Array<Byte>=@res("../src/main/resources/com/ibm/icu/impl/data/icudata/en_MT.res")
let impl_data_icudata_icuver_res:Array<Byte>=@res("../src/main/resources/com/ibm/icu/impl/data/icudata/icuver.res")
let impl_data_icudata_nfkc_scf_nrm:Array<Byte>=@res("../src/main/resources/com/ibm/icu/impl/data/icudata/nfkc_scf.nrm")
let impl_data_icudata_en_TV_res:Array<Byte>=@res("../src/main/resources/com/ibm/icu/impl/data/icudata/en_TV.res")
let impl_data_icudata_en_VI_res:Array<Byte>=@res("../src/main/resources/com/ibm/icu/impl/data/icudata/en_VI.res")
let impl_data_icudata_en_TT_res:Array<Byte>=@res("../src/main/resources/com/ibm/icu/impl/data/icudata/en_TT.res")
let impl_data_icudata_rof_TZ_res:Array<Byte>=@res("../src/main/resources/com/ibm/icu/impl/data/icudata/rof_TZ.res")
let impl_data_icudata_mt_MT_res:Array<Byte>=@res("../src/main/resources/com/ibm/icu/impl/data/icudata/mt_MT.res")
let impl_data_icudata_en_TC_res:Array<Byte>=@res("../src/main/resources/com/ibm/icu/impl/data/icudata/en_TC.res")
let impl_data_icudata_yue_Hans_CN_res:Array<Byte>=@res("../src/main/resources/com/ibm/icu/impl/data/icudata/yue_Hans_CN.res")
let impl_data_icudata_en_UG_res:Array<Byte>=@res("../src/main/resources/com/ibm/icu/impl/data/icudata/en_UG.res")
let impl_data_icudata_ewo_res:Array<Byte>=@res("../src/main/resources/com/ibm/icu/impl/data/icudata/ewo.res")
let impl_data_icudata_ff_MR_res:Array<Byte>=@res("../src/main/resources/com/ibm/icu/impl/data/icudata/ff_MR.res")
let impl_data_icudata_kl_GL_res:Array<Byte>=@res("../src/main/resources/com/ibm/icu/impl/data/icudata/kl_GL.res")
let impl_data_icudata_en_LR_res:Array<Byte>=@res("../src/main/resources/com/ibm/icu/impl/data/icudata/en_LR.res")
let impl_data_icudata_en_MV_res:Array<Byte>=@res("../src/main/resources/com/ibm/icu/impl/data/icudata/en_MV.res")
let impl_data_icudata_mk_MK_res:Array<Byte>=@res("../src/main/resources/com/ibm/icu/impl/data/icudata/mk_MK.res")
let impl_data_icudata_en_NZ_res:Array<Byte>=@res("../src/main/resources/com/ibm/icu/impl/data/icudata/en_NZ.res")
let impl_data_icudata_en_AU_res:Array<Byte>=@res("../src/main/resources/com/ibm/icu/impl/data/icudata/en_AU.res")
let impl_data_icudata_bho_IN_res:Array<Byte>=@res("../src/main/resources/com/ibm/icu/impl/data/icudata/bho_IN.res")
let impl_data_icudata_kam_res:Array<Byte>=@res("../src/main/resources/com/ibm/icu/impl/data/icudata/kam.res")
let impl_data_icudata_uprops_icu:Array<Byte>=@res("../src/main/resources/com/ibm/icu/impl/data/icudata/uprops.icu")
let impl_data_icudata_sk_SK_res:Array<Byte>=@res("../src/main/resources/com/ibm/icu/impl/data/icudata/sk_SK.res")
let impl_data_icudata_syr_IQ_res:Array<Byte>=@res("../src/main/resources/com/ibm/icu/impl/data/icudata/syr_IQ.res")
let impl_data_icudata_qu_EC_res:Array<Byte>=@res("../src/main/resources/com/ibm/icu/impl/data/icudata/qu_EC.res")
let impl_data_icudata_wae_CH_res:Array<Byte>=@res("../src/main/resources/com/ibm/icu/impl/data/icudata/wae_CH.res")
let impl_data_icudata_gv_IM_res:Array<Byte>=@res("../src/main/resources/com/ibm/icu/impl/data/icudata/gv_IM.res")
let impl_data_icudata_vun_res:Array<Byte>=@res("../src/main/resources/com/ibm/icu/impl/data/icudata/vun.res")
let impl_data_icudata_dje_res:Array<Byte>=@res("../src/main/resources/com/ibm/icu/impl/data/icudata/dje.res")
let impl_data_icudata_pa_res:Array<Byte>=@res("../src/main/resources/com/ibm/icu/impl/data/icudata/pa.res")
let impl_data_icudata_de_LI_res:Array<Byte>=@res("../src/main/resources/com/ibm/icu/impl/data/icudata/de_LI.res")
let impl_data_icudata_ckb_IQ_res:Array<Byte>=@res("../src/main/resources/com/ibm/icu/impl/data/icudata/ckb_IQ.res")
let impl_data_icudata_it_VA_res:Array<Byte>=@res("../src/main/resources/com/ibm/icu/impl/data/icudata/it_VA.res")
let impl_data_icudata_kk_res:Array<Byte>=@res("../src/main/resources/com/ibm/icu/impl/data/icudata/kk.res")
let impl_data_icudata_vun_TZ_res:Array<Byte>=@res("../src/main/resources/com/ibm/icu/impl/data/icudata/vun_TZ.res")
let impl_data_icudata_it_res:Array<Byte>=@res("../src/main/resources/com/ibm/icu/impl/data/icudata/it.res")
let impl_data_icudata_ar_EG_res:Array<Byte>=@res("../src/main/resources/com/ibm/icu/impl/data/icudata/ar_EG.res")
let impl_data_icudata_nus_SS_res:Array<Byte>=@res("../src/main/resources/com/ibm/icu/impl/data/icudata/nus_SS.res")
let impl_data_icudata_ku_TR_res:Array<Byte>=@res("../src/main/resources/com/ibm/icu/impl/data/icudata/ku_TR.res")
let impl_data_icudata_fr_TG_res:Array<Byte>=@res("../src/main/resources/com/ibm/icu/impl/data/icudata/fr_TG.res")
let impl_data_icudata_nl_SR_res:Array<Byte>=@res("../src/main/resources/com/ibm/icu/impl/data/icudata/nl_SR.res")
let impl_data_icudata_sah_RU_res:Array<Byte>=@res("../src/main/resources/com/ibm/icu/impl/data/icudata/sah_RU.res")
let impl_data_icudata_de_res:Array<Byte>=@res("../src/main/resources/com/ibm/icu/impl/data/icudata/de.res")
let impl_data_icudata_ebu_KE_res:Array<Byte>=@res("../src/main/resources/com/ibm/icu/impl/data/icudata/ebu_KE.res")
let impl_data_icudata_ar_KM_res:Array<Byte>=@res("../src/main/resources/com/ibm/icu/impl/data/icudata/ar_KM.res")
let impl_data_icudata_el_CY_res:Array<Byte>=@res("../src/main/resources/com/ibm/icu/impl/data/icudata/el_CY.res")
let impl_data_icudata_nds_DE_res:Array<Byte>=@res("../src/main/resources/com/ibm/icu/impl/data/icudata/nds_DE.res")
let impl_data_icudata_gaa_GH_res:Array<Byte>=@res("../src/main/resources/com/ibm/icu/impl/data/icudata/gaa_GH.res")
let impl_data_icudata_fr_MR_res:Array<Byte>=@res("../src/main/resources/com/ibm/icu/impl/data/icudata/fr_MR.res")
let impl_data_icudata_sl_res:Array<Byte>=@res("../src/main/resources/com/ibm/icu/impl/data/icudata/sl.res")
let impl_data_icudata_sr_Cyrl_ME_res:Array<Byte>=@res("../src/main/resources/com/ibm/icu/impl/data/icudata/sr_Cyrl_ME.res")
let impl_data_icudata_sr_Cyrl_res:Array<Byte>=@res("../src/main/resources/com/ibm/icu/impl/data/icudata/sr_Cyrl.res")
let impl_data_icudata_fr_BJ_res:Array<Byte>=@res("../src/main/resources/com/ibm/icu/impl/data/icudata/fr_BJ.res")
let impl_data_icudata_vec_IT_res:Array<Byte>=@res("../src/main/resources/com/ibm/icu/impl/data/icudata/vec_IT.res")
let impl_data_icudata_root_res:Array<Byte>=@res("../src/main/resources/com/ibm/icu/impl/data/icudata/root.res")
let impl_data_icudata_en_AT_res:Array<Byte>=@res("../src/main/resources/com/ibm/icu/impl/data/icudata/en_AT.res")
let impl_data_icudata_en_CK_res:Array<Byte>=@res("../src/main/resources/com/ibm/icu/impl/data/icudata/en_CK.res")
let impl_data_icudata_bez_res:Array<Byte>=@res("../src/main/resources/com/ibm/icu/impl/data/icudata/bez.res")
let impl_data_icudata_zh_TW_res:Array<Byte>=@res("../src/main/resources/com/ibm/icu/impl/data/icudata/zh_TW.res")
let impl_data_icudata_en_NL_res:Array<Byte>=@res("../src/main/resources/com/ibm/icu/impl/data/icudata/en_NL.res")
let impl_data_icudata_en_MW_res:Array<Byte>=@res("../src/main/resources/com/ibm/icu/impl/data/icudata/en_MW.res")
let impl_data_icudata_bem_res:Array<Byte>=@res("../src/main/resources/com/ibm/icu/impl/data/icudata/bem.res")
let impl_data_icudata_lt_LT_res:Array<Byte>=@res("../src/main/resources/com/ibm/icu/impl/data/icudata/lt_LT.res")
let impl_data_icudata_en_LS_res:Array<Byte>=@res("../src/main/resources/com/ibm/icu/impl/data/icudata/en_LS.res")
let impl_data_icudata_bs_Latn_res:Array<Byte>=@res("../src/main/resources/com/ibm/icu/impl/data/icudata/bs_Latn.res")
let impl_data_icudata_nds_res:Array<Byte>=@res("../src/main/resources/com/ibm/icu/impl/data/icudata/nds.res")
let impl_data_icudata_ks_IN_res:Array<Byte>=@res("../src/main/resources/com/ibm/icu/impl/data/icudata/ks_IN.res")
let impl_data_icudata_ff_Latn_NG_res:Array<Byte>=@res("../src/main/resources/com/ibm/icu/impl/data/icudata/ff_Latn_NG.res")
let impl_data_icudata_gaa_res:Array<Byte>=@res("../src/main/resources/com/ibm/icu/impl/data/icudata/gaa.res")
let impl_data_icudata_sr_ME_res:Array<Byte>=@res("../src/main/resources/com/ibm/icu/impl/data/icudata/sr_ME.res")
let impl_data_icudata_agq_CM_res:Array<Byte>=@res("../src/main/resources/com/ibm/icu/impl/data/icudata/agq_CM.res")
let impl_data_icudata_tn_ZA_res:Array<Byte>=@res("../src/main/resources/com/ibm/icu/impl/data/icudata/tn_ZA.res")
let impl_data_icudata_ug_CN_res:Array<Byte>=@res("../src/main/resources/com/ibm/icu/impl/data/icudata/ug_CN.res")
let impl_data_icudata_su_Latn_ID_res:Array<Byte>=@res("../src/main/resources/com/ibm/icu/impl/data/icudata/su_Latn_ID.res")
let impl_data_icudata_gsw_CH_res:Array<Byte>=@res("../src/main/resources/com/ibm/icu/impl/data/icudata/gsw_CH.res")
let impl_data_icudata_en_ZM_res:Array<Byte>=@res("../src/main/resources/com/ibm/icu/impl/data/icudata/en_ZM.res")
let impl_data_icudata_mni_IN_res:Array<Byte>=@res("../src/main/resources/com/ibm/icu/impl/data/icudata/mni_IN.res")
let impl_data_icudata_mgh_MZ_res:Array<Byte>=@res("../src/main/resources/com/ibm/icu/impl/data/icudata/mgh_MZ.res")
let impl_data_icudata_raj_res:Array<Byte>=@res("../src/main/resources/com/ibm/icu/impl/data/icudata/raj.res")
let impl_data_icudata_en_MS_res:Array<Byte>=@res("../src/main/resources/com/ibm/icu/impl/data/icudata/en_MS.res")
let impl_data_icudata_en_NH_res:Array<Byte>=@res("../src/main/resources/com/ibm/icu/impl/data/icudata/en_NH.res")
let impl_data_icudata_en_CX_res:Array<Byte>=@res("../src/main/resources/com/ibm/icu/impl/data/icudata/en_CX.res")
let impl_data_icudata_en_AG_res:Array<Byte>=@res("../src/main/resources/com/ibm/icu/impl/data/icudata/en_AG.res")
let impl_data_icudata_ar_SO_res:Array<Byte>=@res("../src/main/resources/com/ibm/icu/impl/data/icudata/ar_SO.res")
let impl_data_icudata_fr_MA_res:Array<Byte>=@res("../src/main/resources/com/ibm/icu/impl/data/icudata/fr_MA.res")
let impl_data_icudata_ps_res:Array<Byte>=@res("../src/main/resources/com/ibm/icu/impl/data/icudata/ps.res")
let impl_data_icudata_sh_res:Array<Byte>=@res("../src/main/resources/com/ibm/icu/impl/data/icudata/sh.res")
let impl_data_icudata_ta_SG_res:Array<Byte>=@res("../src/main/resources/com/ibm/icu/impl/data/icudata/ta_SG.res")
let impl_data_icudata_da_res:Array<Byte>=@res("../src/main/resources/com/ibm/icu/impl/data/icudata/da.res")
let impl_data_icudata_ee_res:Array<Byte>=@res("../src/main/resources/com/ibm/icu/impl/data/icudata/ee.res")
let impl_data_icudata_fi_res:Array<Byte>=@res("../src/main/resources/com/ibm/icu/impl/data/icudata/fi.res")
let impl_data_icudata_ky_res:Array<Byte>=@res("../src/main/resources/com/ibm/icu/impl/data/icudata/ky.res")
let impl_data_icudata_es_CU_res:Array<Byte>=@res("../src/main/resources/com/ibm/icu/impl/data/icudata/es_CU.res")
let impl_data_icudata_dsb_res:Array<Byte>=@res("../src/main/resources/com/ibm/icu/impl/data/icudata/dsb.res")
let impl_data_icudata_kxv_Deva_res:Array<Byte>=@res("../src/main/resources/com/ibm/icu/impl/data/icudata/kxv_Deva.res")
let impl_data_icudata_hu_res:Array<Byte>=@res("../src/main/resources/com/ibm/icu/impl/data/icudata/hu.res")
let impl_data_icudata_kn_res:Array<Byte>=@res("../src/main/resources/com/ibm/icu/impl/data/icudata/kn.res")
let impl_data_icudata_ce_RU_res:Array<Byte>=@res("../src/main/resources/com/ibm/icu/impl/data/icudata/ce_RU.res")
let impl_data_icudata_kxv_Deva_IN_res:Array<Byte>=@res("../src/main/resources/com/ibm/icu/impl/data/icudata/kxv_Deva_IN.res")
let impl_data_icudata_ko_res:Array<Byte>=@res("../src/main/resources/com/ibm/icu/impl/data/icudata/ko.res")
let impl_data_icudata_ig_res:Array<Byte>=@res("../src/main/resources/com/ibm/icu/impl/data/icudata/ig.res")
let impl_data_icudata_es_res:Array<Byte>=@res("../src/main/resources/com/ibm/icu/impl/data/icudata/es.res")
let impl_data_icudata_gl_res:Array<Byte>=@res("../src/main/resources/com/ibm/icu/impl/data/icudata/gl.res")
let impl_data_icudata_rfc3530cs_spp:Array<Byte>=@res("../src/main/resources/com/ibm/icu/impl/data/icudata/rfc3530cs.spp")
let impl_data_icudata_yav_CM_res:Array<Byte>=@res("../src/main/resources/com/ibm/icu/impl/data/icudata/yav_CM.res")
let impl_data_icudata_rm_res:Array<Byte>=@res("../src/main/resources/com/ibm/icu/impl/data/icudata/rm.res")
let impl_data_icudata_si_res:Array<Byte>=@res("../src/main/resources/com/ibm/icu/impl/data/icudata/si.res")
let impl_data_icudata_rfc4013_spp:Array<Byte>=@res("../src/main/resources/com/ibm/icu/impl/data/icudata/rfc4013.spp")
let impl_data_icudata_rfc3530mixp_spp:Array<Byte>=@res("../src/main/resources/com/ibm/icu/impl/data/icudata/rfc3530mixp.spp")
let impl_data_icudata_es_UY_res:Array<Byte>=@res("../src/main/resources/com/ibm/icu/impl/data/icudata/es_UY.res")
let impl_data_icudata_mr_IN_res:Array<Byte>=@res("../src/main/resources/com/ibm/icu/impl/data/icudata/mr_IN.res")
let impl_data_icudata_bo_CN_res:Array<Byte>=@res("../src/main/resources/com/ibm/icu/impl/data/icudata/bo_CN.res")
let impl_data_icudata_ar_SY_res:Array<Byte>=@res("../src/main/resources/com/ibm/icu/impl/data/icudata/ar_SY.res")
let impl_data_icudata_bho_res:Array<Byte>=@res("../src/main/resources/com/ibm/icu/impl/data/icudata/bho.res")
let impl_data_icudata_kok_Deva_res:Array<Byte>=@res("../src/main/resources/com/ibm/icu/impl/data/icudata/kok_Deva.res")
let impl_data_icudata_twq_NE_res:Array<Byte>=@res("../src/main/resources/com/ibm/icu/impl/data/icudata/twq_NE.res")
let impl_data_icudata_uz_Latn_UZ_res:Array<Byte>=@res("../src/main/resources/com/ibm/icu/impl/data/icudata/uz_Latn_UZ.res")
let impl_data_icudata_en_CY_res:Array<Byte>=@res("../src/main/resources/com/ibm/icu/impl/data/icudata/en_CY.res")
let impl_data_icudata_en_US_POSIX_res:Array<Byte>=@res("../src/main/resources/com/ibm/icu/impl/data/icudata/en_US_POSIX.res")
let impl_data_icudata_kln_res:Array<Byte>=@res("../src/main/resources/com/ibm/icu/impl/data/icudata/kln.res")
let impl_data_icudata_numberingSystems_res:Array<Byte>=@res("../src/main/resources/com/ibm/icu/impl/data/icudata/numberingSystems.res")
let impl_data_icudata_teo_UG_res:Array<Byte>=@res("../src/main/resources/com/ibm/icu/impl/data/icudata/teo_UG.res")
let impl_data_icudata_langInfo_res:Array<Byte>=@res("../src/main/resources/com/ibm/icu/impl/data/icudata/langInfo.res")
let impl_data_icudata_ms_MY_res:Array<Byte>=@res("../src/main/resources/com/ibm/icu/impl/data/icudata/ms_MY.res")
let impl_data_icudata_lb_LU_res:Array<Byte>=@res("../src/main/resources/com/ibm/icu/impl/data/icudata/lb_LU.res")
let impl_data_icudata_zh_Hans_CN_res:Array<Byte>=@res("../src/main/resources/com/ibm/icu/impl/data/icudata/zh_Hans_CN.res")
let impl_data_icudata_zh_Hant_MY_res:Array<Byte>=@res("../src/main/resources/com/ibm/icu/impl/data/icudata/zh_Hant_MY.res")
let impl_data_icudata_zh_CN_res:Array<Byte>=@res("../src/main/resources/com/ibm/icu/impl/data/icudata/zh_CN.res")
let impl_data_icudata_mas_TZ_res:Array<Byte>=@res("../src/main/resources/com/ibm/icu/impl/data/icudata/mas_TZ.res")
let impl_data_icudata_en_MG_res:Array<Byte>=@res("../src/main/resources/com/ibm/icu/impl/data/icudata/en_MG.res")
let impl_data_icudata_pt_CH_res:Array<Byte>=@res("../src/main/resources/com/ibm/icu/impl/data/icudata/pt_CH.res")
let impl_data_icudata_csw_CA_res:Array<Byte>=@res("../src/main/resources/com/ibm/icu/impl/data/icudata/csw_CA.res")
let impl_data_icudata_tn_BW_res:Array<Byte>=@res("../src/main/resources/com/ibm/icu/impl/data/icudata/tn_BW.res")
let impl_data_icudata_en_LC_res:Array<Byte>=@res("../src/main/resources/com/ibm/icu/impl/data/icudata/en_LC.res")
let impl_data_icudata_en_MP_res:Array<Byte>=@res("../src/main/resources/com/ibm/icu/impl/data/icudata/en_MP.res")
let impl_data_icudata_hr_HR_res:Array<Byte>=@res("../src/main/resources/com/ibm/icu/impl/data/icudata/hr_HR.res")
let impl_data_icudata_en_AS_res:Array<Byte>=@res("../src/main/resources/com/ibm/icu/impl/data/icudata/en_AS.res")
let impl_data_icudata_az_AZ_res:Array<Byte>=@res("../src/main/resources/com/ibm/icu/impl/data/icudata/az_AZ.res")
let impl_data_icudata_dua_CM_res:Array<Byte>=@res("../src/main/resources/com/ibm/icu/impl/data/icudata/dua_CM.res")
let impl_data_icudata_fi_FI_res:Array<Byte>=@res("../src/main/resources/com/ibm/icu/impl/data/icudata/fi_FI.res")
let impl_data_icudata_lv_LV_res:Array<Byte>=@res("../src/main/resources/com/ibm/icu/impl/data/icudata/lv_LV.res")
let impl_data_icudata_fr_CI_res:Array<Byte>=@res("../src/main/resources/com/ibm/icu/impl/data/icudata/fr_CI.res")
let impl_data_icudata_rfc4011_spp:Array<Byte>=@res("../src/main/resources/com/ibm/icu/impl/data/icudata/rfc4011.spp")
let impl_data_icudata_vai_Latn_LR_res:Array<Byte>=@res("../src/main/resources/com/ibm/icu/impl/data/icudata/vai_Latn_LR.res")
let impl_data_icudata_da_GL_res:Array<Byte>=@res("../src/main/resources/com/ibm/icu/impl/data/icudata/da_GL.res")
let impl_data_icudata_ro_res:Array<Byte>=@res("../src/main/resources/com/ibm/icu/impl/data/icudata/ro.res")
let impl_data_icudata_fr_MU_res:Array<Byte>=@res("../src/main/resources/com/ibm/icu/impl/data/icudata/fr_MU.res")
let impl_data_icudata_ki_KE_res:Array<Byte>=@res("../src/main/resources/com/ibm/icu/impl/data/icudata/ki_KE.res")
let impl_data_icudata_ff_Adlm_GW_res:Array<Byte>=@res("../src/main/resources/com/ibm/icu/impl/data/icudata/ff_Adlm_GW.res")
let impl_data_icudata_sk_res:Array<Byte>=@res("../src/main/resources/com/ibm/icu/impl/data/icudata/sk.res")
let impl_data_icudata_bas_CM_res:Array<Byte>=@res("../src/main/resources/com/ibm/icu/impl/data/icudata/bas_CM.res")
let impl_data_icudata_kxv_Orya_IN_res:Array<Byte>=@res("../src/main/resources/com/ibm/icu/impl/data/icudata/kxv_Orya_IN.res")
let impl_data_icudata_ca_AD_res:Array<Byte>=@res("../src/main/resources/com/ibm/icu/impl/data/icudata/ca_AD.res")
let impl_data_icudata_syr_SY_res:Array<Byte>=@res("../src/main/resources/com/ibm/icu/impl/data/icudata/syr_SY.res")
let impl_data_icudata_se_FI_res:Array<Byte>=@res("../src/main/resources/com/ibm/icu/impl/data/icudata/se_FI.res")
let impl_data_icudata_uz_UZ_res:Array<Byte>=@res("../src/main/resources/com/ibm/icu/impl/data/icudata/uz_UZ.res")
let impl_data_icudata_ie_res:Array<Byte>=@res("../src/main/resources/com/ibm/icu/impl/data/icudata/ie.res")
let impl_data_icudata_es_BR_res:Array<Byte>=@res("../src/main/resources/com/ibm/icu/impl/data/icudata/es_BR.res")
let impl_data_icudata_ha_res:Array<Byte>=@res("../src/main/resources/com/ibm/icu/impl/data/icudata/ha.res")
let impl_data_icudata_zu_ZA_res:Array<Byte>=@res("../src/main/resources/com/ibm/icu/impl/data/icudata/zu_ZA.res")
let impl_data_icudata_ksb_TZ_res:Array<Byte>=@res("../src/main/resources/com/ibm/icu/impl/data/icudata/ksb_TZ.res")
let impl_data_icudata_km_res:Array<Byte>=@res("../src/main/resources/com/ibm/icu/impl/data/icudata/km.res")
let impl_data_icudata_kl_res:Array<Byte>=@res("../src/main/resources/com/ibm/icu/impl/data/icudata/kl.res")
let impl_data_icudata_fil_res:Array<Byte>=@res("../src/main/resources/com/ibm/icu/impl/data/icudata/fil.res")
let impl_data_icudata_th_TH_TRADITIONAL_res:Array<Byte>=@res("../src/main/resources/com/ibm/icu/impl/data/icudata/th_TH_TRADITIONAL.res")
let impl_data_icudata_is_res:Array<Byte>=@res("../src/main/resources/com/ibm/icu/impl/data/icudata/is.res")
let impl_data_icudata_qu_PE_res:Array<Byte>=@res("../src/main/resources/com/ibm/icu/impl/data/icudata/qu_PE.res")
let impl_data_icudata_sh_YU_res:Array<Byte>=@res("../src/main/resources/com/ibm/icu/impl/data/icudata/sh_YU.res")
let impl_data_icudata_de_BE_res:Array<Byte>=@res("../src/main/resources/com/ibm/icu/impl/data/icudata/de_BE.res")
let impl_data_icudata_sw_CD_res:Array<Byte>=@res("../src/main/resources/com/ibm/icu/impl/data/icudata/sw_CD.res")
let impl_data_icudata_id_res:Array<Byte>=@res("../src/main/resources/com/ibm/icu/impl/data/icudata/id.res")
let impl_data_icudata_ar_JO_res:Array<Byte>=@res("../src/main/resources/com/ibm/icu/impl/data/icudata/ar_JO.res")
let impl_data_icudata_rn_res:Array<Byte>=@res("../src/main/resources/com/ibm/icu/impl/data/icudata/rn.res")
let impl_data_icudata_qu_res:Array<Byte>=@res("../src/main/resources/com/ibm/icu/impl/data/icudata/qu.res")
let impl_data_icudata_lag_TZ_res:Array<Byte>=@res("../src/main/resources/com/ibm/icu/impl/data/icudata/lag_TZ.res")
let impl_data_icudata_fr_MC_res:Array<Byte>=@res("../src/main/resources/com/ibm/icu/impl/data/icudata/fr_MC.res")
let impl_data_icudata_uk_UA_res:Array<Byte>=@res("../src/main/resources/com/ibm/icu/impl/data/icudata/uk_UA.res")
let impl_data_icudata_fr_CH_res:Array<Byte>=@res("../src/main/resources/com/ibm/icu/impl/data/icudata/fr_CH.res")
let impl_data_icudata_fr_BL_res:Array<Byte>=@res("../src/main/resources/com/ibm/icu/impl/data/icudata/fr_BL.res")
let impl_data_icudata_sw_TZ_res:Array<Byte>=@res("../src/main/resources/com/ibm/icu/impl/data/icudata/sw_TZ.res")
let impl_data_icudata_uz_Latn_res:Array<Byte>=@res("../src/main/resources/com/ibm/icu/impl/data/icudata/uz_Latn.res")
let impl_data_icudata_en_CM_res:Array<Byte>=@res("../src/main/resources/com/ibm/icu/impl/data/icudata/en_CM.res")
let impl_data_icudata_en_BI_res:Array<Byte>=@res("../src/main/resources/com/ibm/icu/impl/data/icudata/en_BI.res")
let impl_data_icudata_mgo_CM_res:Array<Byte>=@res("../src/main/resources/com/ibm/icu/impl/data/icudata/mgo_CM.res")
let impl_data_icudata_en_CZ_res:Array<Byte>=@res("../src/main/resources/com/ibm/icu/impl/data/icudata/en_CZ.res")
let impl_data_icudata_en_AE_res:Array<Byte>=@res("../src/main/resources/com/ibm/icu/impl/data/icudata/en_AE.res")
let impl_data_icudata_bgc_res:Array<Byte>=@res("../src/main/resources/com/ibm/icu/impl/data/icudata/bgc.res")
let impl_data_icudata_zh_Hant_MO_res:Array<Byte>=@res("../src/main/resources/com/ibm/icu/impl/data/icudata/zh_Hant_MO.res")
let impl_data_icudata_ko_CN_res:Array<Byte>=@res("../src/main/resources/com/ibm/icu/impl/data/icudata/ko_CN.res")
